{"dataset_name": "AzureFunction2019", "function_name": "9c9e6b50fe3a4cd0fad2bd44a0b01d6775f0f766b68f756663ed677c7fa6ec70", "start_day": 0, "end_day": 4, "Crane": {"baseline_name": "Crane", "cold_start_invocation_ratio": 0.16262524718478297, "utilization_ratio": 0.8094005350177044, "over_provisioned_ratio": 0.23548225722154686, "cold_start_time_slot_ratio": 0.42916666666666664, "mae": 0.4871696885219719, "rmse": 0.4038861340342942, "mape": 1.2033875239519902, "selective_asymmetric_mae": 2.0108580589294434, "selective_asymmetric_mse": 1.825021505355835, "train_t": 0.0008361339569091797, "predict_t": 0.0066449642181396484}, "Icebreaker": {"baseline_name": "Icebreaker", "cold_start_invocation_ratio": 0.3459558383303294, "utilization_ratio": 0.7983402178047829, "over_provisioned_ratio": 0.2525988014855697, "cold_start_time_slot_ratio": 0.4395833333333333, "mae": 0.7324596351865609, "rmse": 0.9242737908401332, "mape": 0.9810529159625307, "selective_asymmetric_mae": 2.31261944770813, "selective_asymmetric_mse": 3.020655393600464, "train_t": 3.814697265625e-06, "predict_t": 0.011123895645141602}, "SmartPred": {"baseline_name": "SmartPred", "cold_start_invocation_ratio": 0.07165233481489952, "utilization_ratio": 0.6412019609609223, "over_provisioned_ratio": 0.559571025798755, "cold_start_time_slot_ratio": 0.21180555555555555, "mae": 0.7724368030603175, "rmse": 1.05761191431251, "mape": 2.320292017178971, "selective_asymmetric_mae": 4.13499641418457, "selective_asymmetric_mse": 6.262913703918457, "train_t": 0.8270361423492432, "predict_t": 0.7845897674560547}, "NHITS": {"baseline_name": "NHITS", "cold_start_invocation_ratio": 0.40255879946772777, "utilization_ratio": 0.9483562445648265, "over_provisioned_ratio": 0.05445607147224656, "cold_start_time_slot_ratio": 0.7194444444444444, "mae": 0.5592554520110083, "rmse": 0.6043762609490924, "mape": 1.146729180186494, "selective_asymmetric_mae": 1.2575805187225342, "selective_asymmetric_mse": 1.5460156202316284, "train_t": 3.419408082962036, "predict_t": 0.1343982219696045}, "NBEATS": {"baseline_name": "NBEATS", "cold_start_invocation_ratio": 0.4673517453259529, "utilization_ratio": 0.9425435762714347, "over_provisioned_ratio": 0.060958904367959844, "cold_start_time_slot_ratio": 0.7243055555555555, "mae": 0.6465010877854024, "rmse": 0.8230169261576394, "mape": 1.2638203660479361, "selective_asymmetric_mae": 1.498331069946289, "selective_asymmetric_mse": 2.1191117763519287, "train_t": 3.081143856048584, "predict_t": 0.08473801612854004}, "DLinear": {"baseline_name": "DLinear", "cold_start_invocation_ratio": 0.17931256595261857, "utilization_ratio": 0.7939439677863906, "over_provisioned_ratio": 0.25953472861330235, "cold_start_time_slot_ratio": 0.39791666666666664, "mae": 0.5370235361958439, "rmse": 0.4857030739263243, "mape": 1.3384642286304778, "selective_asymmetric_mae": 2.118137836456299, "selective_asymmetric_mse": 2.039398670196533, "train_t": 1.8977782726287842, "predict_t": 0.14709186553955078}, "Movingavg": {"baseline_name": "Movingavg", "cold_start_invocation_ratio": 0.22052238805970167, "utilization_ratio": 0.8095536372834994, "over_provisioned_ratio": 0.23524860360772837, "cold_start_time_slot_ratio": 0.40694444444444444, "mae": 0.557733299650007, "rmse": 0.5476437196856292, "mape": 1.473187628796391, "selective_asymmetric_mae": 2.2955729961395264, "selective_asymmetric_mse": 2.447361707687378, "train_t": 3.814697265625e-06, "predict_t": 0.010706901550292969}, "Movingmax": {"baseline_name": "Movingmax", "cold_start_invocation_ratio": 0.015383206666056222, "utilization_ratio": 0.4420204800259036, "over_provisioned_ratio": 1.2623386136800658, "cold_start_time_slot_ratio": 0.03819444444444445, "mae": 1.5635659573008795, "rmse": 3.365693048445039, "mape": 5.211222513991016, "selective_asymmetric_mae": 8.455962181091309, "selective_asymmetric_mse": 19.752845764160156, "train_t": 3.0994415283203125e-06, "predict_t": 0.009289979934692383}, "Movingmin": {"baseline_name": "Movingmin", "cold_start_invocation_ratio": 0.7384854866770443, "utilization_ratio": 0.9945360167562153, "over_provisioned_ratio": 0.005494002380734365, "cold_start_time_slot_ratio": 0.8770833333333333, "mae": 0.9104180452249999, "rmse": 1.5375378850685157, "mape": 2.0639327207222946, "selective_asymmetric_mae": 1.5172886848449707, "selective_asymmetric_mse": 3.196988821029663, "train_t": 0.001628875732421875, "predict_t": 0.00919198989868164}, "Maxvalue": {"baseline_name": "Maxvalue", "cold_start_invocation_ratio": 0.07618349967951653, "utilization_ratio": 0.6435853615416347, "over_provisioned_ratio": 0.5537954399780239, "cold_start_time_slot_ratio": 0.17847222222222223, "mae": 0.7709139878335999, "rmse": 0.9967120392288087, "mape": 2.1804544098370005, "selective_asymmetric_mae": 4.01659631729126, "selective_asymmetric_mse": 5.719233512878418, "train_t": 4.0531158447265625e-06, "predict_t": 0.004910707473754883}, "Minvalue": {"baseline_name": "Minvalue", "cold_start_invocation_ratio": 0.3625125904221225, "utilization_ratio": 0.9166526775222428, "over_provisioned_ratio": 0.09092573940115374, "cold_start_time_slot_ratio": 0.6243055555555556, "mae": 0.55487878891744, "rmse": 0.6141762438797459, "mape": 1.281410168281965, "selective_asymmetric_mae": 1.4283198118209839, "selective_asymmetric_mse": 1.686806082725525, "train_t": 3.0994415283203125e-06, "predict_t": 0.004754066467285156}, "Avgvalue": {"baseline_name": "Avgvalue", "cold_start_invocation_ratio": 0.16607148307542052, "utilization_ratio": 0.7974443227455275, "over_provisioned_ratio": 0.2540060434026192, "cold_start_time_slot_ratio": 0.3784722222222222, "mae": 0.5140547100074533, "rmse": 0.4781205265172249, "mape": 1.2178932083167018, "selective_asymmetric_mae": 2.1678967475891113, "selective_asymmetric_mse": 2.2044050693511963, "train_t": 3.0994415283203125e-06, "predict_t": 0.007493734359741211}, "Quantile": {"baseline_name": "Quantile", "cold_start_invocation_ratio": 0.26462777176299307, "utilization_ratio": 0.7395794525329303, "over_provisioned_ratio": 0.3521197710065832, "cold_start_time_slot_ratio": 0.4666666666666667, "mae": 0.7547225434893592, "rmse": 1.0930827085001185, "mape": 2.003289483823112, "selective_asymmetric_mae": 2.854510545730591, "selective_asymmetric_mse": 4.41990852355957, "train_t": 3.0994415283203125e-06, "predict_t": 1.1411359310150146}}