{"dataset_name": "HuaweiPrivateDataset", "function_name": "4", "start_day": 0, "end_day": 4, "Keepalive": {"baseline_name": "Keepalive", "cold_start_invocation_ratio": 0.03719037761439075, "utilization_ratio": 0.5462663287190486, "over_provisioned_ratio": 0.8306088942822472, "cold_start_time_slot_ratio": 0.08402777777777778, "mae": 1.1464520526354773, "rmse": 2.055336610940841, "mape": 4.2602013467322974, "selective_asymmetric_mae": 5.995650291442871, "selective_asymmetric_mse": 11.819231033325195, "train_t": 1.9073486328125e-06, "predict_t": 0.006641864776611328}, "Crane": {"baseline_name": "Crane", "cold_start_invocation_ratio": 0.25521740526276376, "utilization_ratio": 0.7601494800227138, "over_provisioned_ratio": 0.31553072952193567, "cold_start_time_slot_ratio": 0.4236111111111111, "mae": 0.7540169620466397, "rmse": 0.9207007136368097, "mape": 1.60150400381478, "selective_asymmetric_mae": 2.622271776199341, "selective_asymmetric_mse": 3.272839307785034, "train_t": 3.0994415283203125e-06, "predict_t": 0.004533052444458008}, "Icebreaker": {"baseline_name": "Icebreaker", "cold_start_invocation_ratio": 0.15202010049938539, "utilization_ratio": 0.6746447821606222, "over_provisioned_ratio": 0.4822615196064994, "cold_start_time_slot_ratio": 0.26944444444444443, "mae": 0.8379512277419379, "rmse": 1.0297219666885724, "mape": 2.2869277052686137, "selective_asymmetric_mae": 3.457118034362793, "selective_asymmetric_mse": 4.4867682456970215, "train_t": 2.1457672119140625e-06, "predict_t": 0.00654292106628418}, "SmartPred": {"baseline_name": "SmartPred", "cold_start_invocation_ratio": 0.17365900899026862, "utilization_ratio": 0.7938457331491527, "over_provisioned_ratio": 0.2596905900508445, "cold_start_time_slot_ratio": 0.36527777777777776, "mae": 0.5724993710165497, "rmse": 0.5922210793591791, "mape": 1.7135356366154078, "selective_asymmetric_mae": 2.4990789890289307, "selective_asymmetric_mse": 3.1045002937316895, "train_t": 0.5942118167877197, "predict_t": 0.5887448787689209}, "NHITS": {"baseline_name": "NHITS", "cold_start_invocation_ratio": 0.07245270705034174, "utilization_ratio": 0.5646118080965756, "over_provisioned_ratio": 0.7711283853081448, "cold_start_time_slot_ratio": 0.15, "mae": 1.1144573477057003, "rmse": 1.6820977225440938, "mape": 3.6115692367333496, "selective_asymmetric_mae": 5.0175957679748535, "selective_asymmetric_mse": 7.817984580993652, "train_t": 3.438098192214966, "predict_t": 0.12529301643371582}, "NBEATS": {"baseline_name": "NBEATS", "cold_start_invocation_ratio": 0.12580885568210728, "utilization_ratio": 0.6318617042861528, "over_provisioned_ratio": 0.5826247946609648, "cold_start_time_slot_ratio": 0.2375, "mae": 0.9359136829151398, "rmse": 1.244758726270618, "mape": 2.627385967771059, "selective_asymmetric_mae": 3.987515687942505, "selective_asymmetric_mse": 5.557858467102051, "train_t": 3.0546529293060303, "predict_t": 0.08797621726989746}, "PatchTST": {"baseline_name": "PatchTST", "cold_start_invocation_ratio": 0.2615906084806644, "utilization_ratio": 0.726910774200217, "over_provisioned_ratio": 0.375684658272192, "cold_start_time_slot_ratio": 0.4125, "mae": 0.8419061427256588, "rmse": 1.1550457040849347, "mape": 2.2223783749947055, "selective_asymmetric_mae": 3.005138397216797, "selective_asymmetric_mse": 4.281719207763672, "train_t": 120.8025758266449, "predict_t": 0.15902185440063477}, "DLinear": {"baseline_name": "DLinear", "cold_start_invocation_ratio": 0.24734029164703322, "utilization_ratio": 0.7208278396712281, "over_provisioned_ratio": 0.3872938099284611, "cold_start_time_slot_ratio": 0.38472222222222224, "mae": 0.8384168920002943, "rmse": 1.0785719015622, "mape": 2.0119348629057936, "selective_asymmetric_mae": 3.076122999191284, "selective_asymmetric_mse": 4.144513130187988, "train_t": 2.09891414642334, "predict_t": 0.16513323783874512}}