{"dataset_name": "HuaweiPrivateDataset", "function_name": "4", "start_day": 0, "end_day": 4, "SmartPred": {"baseline_name": "SmartPred", "cold_start_invocation_ratio": 0.18661775433239197, "utilization_ratio": 0.7773062124463176, "over_provisioned_ratio": 0.28649428499075896, "cold_start_time_slot_ratio": 0.35555555555555557, "mae": 0.6250296424231012, "rmse": 0.7171241719112688, "mape": 1.9845899243197949, "selective_asymmetric_mae": 2.5167298316955566, "selective_asymmetric_mse": 3.190774917602539, "train_t": 0.5971848964691162, "predict_t": 0.5961947441101074}, "NHITS": {"baseline_name": "NHITS", "cold_start_invocation_ratio": 0.07245270705034174, "utilization_ratio": 0.5646118080965756, "over_provisioned_ratio": 0.7711283853081448, "cold_start_time_slot_ratio": 0.15, "mae": 1.1144573477057003, "rmse": 1.6820977225440938, "mape": 3.6115692367333496, "selective_asymmetric_mae": 5.0175957679748535, "selective_asymmetric_mse": 7.817984580993652, "train_t": 3.4558961391448975, "predict_t": 0.12780189514160156}, "NBEATS": {"baseline_name": "NBEATS", "cold_start_invocation_ratio": 0.12580885568210728, "utilization_ratio": 0.6318617042861528, "over_provisioned_ratio": 0.5826247946609648, "cold_start_time_slot_ratio": 0.2375, "mae": 0.9359136829151398, "rmse": 1.244758726270618, "mape": 2.627385967771059, "selective_asymmetric_mae": 3.987515687942505, "selective_asymmetric_mse": 5.557858467102051, "train_t": 3.141035795211792, "predict_t": 0.08402895927429199}, "PatchTST": {"baseline_name": "PatchTST", "cold_start_invocation_ratio": 0.2615906084806644, "utilization_ratio": 0.726910774200217, "over_provisioned_ratio": 0.375684658272192, "cold_start_time_slot_ratio": 0.4125, "mae": 0.8419061427256588, "rmse": 1.1550457040849347, "mape": 2.2223783749947055, "selective_asymmetric_mae": 3.005138397216797, "selective_asymmetric_mse": 4.281719207763672, "train_t": 121.0869791507721, "predict_t": 0.1672072410583496}, "DLinear": {"baseline_name": "DLinear", "cold_start_invocation_ratio": 0.24734029164703322, "utilization_ratio": 0.7208278396712281, "over_provisioned_ratio": 0.3872938099284611, "cold_start_time_slot_ratio": 0.38472222222222224, "mae": 0.8384168920002943, "rmse": 1.0785719015622, "mape": 2.0119348629057936, "selective_asymmetric_mae": 3.076122999191284, "selective_asymmetric_mse": 4.144513130187988, "train_t": 2.071516990661621, "predict_t": 0.07807397842407227}, "Movingavg": {"baseline_name": "Movingavg", "cold_start_invocation_ratio": 0.2556588621600399, "utilization_ratio": 0.7992081512499569, "over_provisioned_ratio": 0.2512384895424371, "cold_start_time_slot_ratio": 0.4638888888888889, "mae": 0.6696635133890848, "rmse": 0.7623908949949153, "mape": 1.5787487015392085, "selective_asymmetric_mae": 2.276808738708496, "selective_asymmetric_mse": 2.7663328647613525, "train_t": 6.9141387939453125e-06, "predict_t": 0.010222911834716797}, "Movingmax": {"baseline_name": "Movingmax", "cold_start_invocation_ratio": 0.021129274038118352, "utilization_ratio": 0.4784004371136837, "over_provisioned_ratio": 1.0902990934399315, "cold_start_time_slot_ratio": 0.05138888888888889, "mae": 1.4683111342876025, "rmse": 3.2370831271625913, "mape": 5.4624818717758705, "selective_asymmetric_mae": 7.475465774536133, "selective_asymmetric_mse": 17.158126831054688, "train_t": 3.814697265625e-06, "predict_t": 0.007687807083129883}, "Movingmin": {"baseline_name": "Movingmin", "cold_start_invocation_ratio": 0.7448782925262332, "utilization_ratio": 0.9914366595895259, "over_provisioned_ratio": 0.008637304589906488, "cold_start_time_slot_ratio": 0.8319444444444445, "mae": 0.9954715692703875, "rmse": 1.744465267717757, "mape": 2.8550570813504352, "selective_asymmetric_mae": 1.5921320915222168, "selective_asymmetric_mse": 3.3211557865142822, "train_t": 3.814697265625e-06, "predict_t": 0.007524967193603516}, "Maxvalue": {"baseline_name": "Maxvalue", "cold_start_invocation_ratio": 0.13641230637447355, "utilization_ratio": 0.5942059721750933, "over_provisioned_ratio": 0.6829181240631023, "cold_start_time_slot_ratio": 0.21875, "mae": 1.082419730208934, "rmse": 1.860105565526385, "mape": 3.347211498710508, "selective_asymmetric_mae": 4.7402777671813965, "selective_asymmetric_mse": 8.4135160446167, "train_t": 3.0994415283203125e-06, "predict_t": 0.0031058788299560547}, "Minvalue": {"baseline_name": "Minvalue", "cold_start_invocation_ratio": 0.6206010421871654, "utilization_ratio": 0.9266437359439079, "over_provisioned_ratio": 0.0791633949603826, "cold_start_time_slot_ratio": 0.70625, "mae": 0.9244607610418346, "rmse": 1.5269513742205751, "mape": 2.424775234585206, "selective_asymmetric_mae": 1.820441722869873, "selective_asymmetric_mse": 3.239823818206787, "train_t": 3.0994415283203125e-06, "predict_t": 0.0031909942626953125}, "Avgvalue": {"baseline_name": "Avgvalue", "cold_start_invocation_ratio": 0.3021153068265637, "utilization_ratio": 0.7817376908911658, "over_provisioned_ratio": 0.27920146572441557, "cold_start_time_slot_ratio": 0.4638888888888889, "mae": 0.7679792190490348, "rmse": 0.995879674078841, "mape": 1.7172552612150513, "selective_asymmetric_mae": 2.49660062789917, "selective_asymmetric_mse": 3.322956085205078, "train_t": 2.86102294921875e-06, "predict_t": 0.00667881965637207}, "Quantile": {"baseline_name": "Quantile", "cold_start_invocation_ratio": 0.3712970214934528, "utilization_ratio": 0.6323463058927551, "over_provisioned_ratio": 0.5814119426034856, "cold_start_time_slot_ratio": 0.42083333333333334, "mae": 1.258626485207802, "rmse": 2.662432120604462, "mape": 3.740935565544775, "selective_asymmetric_mae": 4.574916362762451, "selective_asymmetric_mse": 10.231659889221191, "train_t": 5.7220458984375e-06, "predict_t": 1.1807808876037598}}