{"dataset_name": "AzureFunction2019", "function_name": "1ad3a3335bb2c127474fbfd71ef278319ad4c58ed0bfe4d5e152f77d18ebbe33", "start_day": 0, "end_day": 4, "Crane": {"baseline_name": "Crane", "cold_start_invocation_ratio": 2.312964634635743e-17, "utilization_ratio": 0.8724100327153814, "over_provisioned_ratio": 0.14624999999999783, "cold_start_time_slot_ratio": 0.003472222222222222, "mae": 0.027157943208393896, "rmse": 0.0015129310344827605, "mape": 0.14625000000000024, "selective_asymmetric_mae": 0.10863176733255386, "selective_asymmetric_mse": 0.006051723845303059, "train_t": 1.0013580322265625e-05, "predict_t": 0.005617856979370117}, "Icebreaker": {"baseline_name": "Icebreaker", "cold_start_invocation_ratio": 0.9676496058236194, "utilization_ratio": 0.5159961068476655, "over_provisioned_ratio": 0.9379991180732373, "cold_start_time_slot_ratio": 0.03333333333333333, "mae": 0.3538700842306942, "rmse": 1.0000194098868214, "mape": 0.9713663458602588, "selective_asymmetric_mae": 0.8764162659645081, "selective_asymmetric_mse": 1.094177007675171, "train_t": 2.86102294921875e-06, "predict_t": 0.008020877838134766}, "SmartPred": {"baseline_name": "SmartPred", "cold_start_invocation_ratio": 0.0, "utilization_ratio": 1.0, "over_provisioned_ratio": 0.0, "cold_start_time_slot_ratio": 0.0, "mae": 0.0, "rmse": 0.0, "mape": 0.0, "selective_asymmetric_mae": 0.0, "selective_asymmetric_mse": 0.0, "train_t": 0.06431388854980469, "predict_t": 0.06343603134155273}, "NHITS": {"baseline_name": "NHITS", "cold_start_invocation_ratio": 0.0005732129017512003, "utilization_ratio": 0.983802097422181, "over_provisioned_ratio": 0.01646459447511006, "cold_start_time_slot_ratio": 0.015277777777777777, "mae": 0.0031638414026417257, "rmse": 3.293244489557965e-05, "mape": 0.015742995810190546, "selective_asymmetric_mae": 0.012336039915680885, "selective_asymmetric_mse": 0.00012792659981641918, "train_t": 3.3924458026885986, "predict_t": 0.1363828182220459}, "NBEATS": {"baseline_name": "NBEATS", "cold_start_invocation_ratio": 0.10877931738893191, "utilization_ratio": 0.6333407475857544, "over_provisioned_ratio": 0.578928884351626, "cold_start_time_slot_ratio": 0.029861111111111113, "mae": 0.12770420708934513, "rmse": 0.0581444915290618, "mape": 0.5799073109098164, "selective_asymmetric_mae": 0.4502173662185669, "selective_asymmetric_mse": 0.17584460973739624, "train_t": 3.077214002609253, "predict_t": 0.08735370635986328}, "DLinear": {"baseline_name": "DLinear", "cold_start_invocation_ratio": 0.2836262558897336, "utilization_ratio": 0.7603526338120398, "over_provisioned_ratio": 0.31517924122454133, "cold_start_time_slot_ratio": 0.03333333333333333, "mae": 0.11119538928891298, "rmse": 0.0966273041258617, "mape": 0.324959456944877, "selective_asymmetric_mae": 0.2867773175239563, "selective_asymmetric_mse": 0.11854397505521774, "train_t": 1.8827779293060303, "predict_t": 0.14303278923034668}, "Movingavg": {"baseline_name": "Movingavg", "cold_start_invocation_ratio": 0.9750000000000009, "utilization_ratio": 0.506329113924049, "over_provisioned_ratio": 0.9749999999999782, "cold_start_time_slot_ratio": 0.03333333333333333, "mae": 0.36210590944525123, "rmse": 1.0215517241379317, "mape": 1.0086206896551724, "selective_asymmetric_mae": 0.9052647352218628, "selective_asymmetric_mse": 1.1359914541244507, "train_t": 3.0994415283203125e-06, "predict_t": 0.010386943817138672}, "Movingmax": {"baseline_name": "Movingmax", "cold_start_invocation_ratio": 1.0, "utilization_ratio": 0.047619047619047616, "over_provisioned_ratio": 20.0, "cold_start_time_slot_ratio": 0.03333333333333333, "mae": 3.89960210171809, "rmse": 21.72413793103449, "mape": 20.034482758620687, "selective_asymmetric_mae": 15.0413236618042, "selective_asymmetric_mse": 83.79310607910156, "train_t": 6.9141387939453125e-06, "predict_t": 0.008661985397338867}, "Movingmin": {"baseline_name": "Movingmin", "cold_start_invocation_ratio": 1.0, "utilization_ratio": 1.0, "over_provisioned_ratio": 0.0, "cold_start_time_slot_ratio": 0.03333333333333333, "mae": 0.18569533817705192, "rmse": 1.0344827586206902, "mape": 0.03448275862068965, "selective_asymmetric_mae": 0.1856953352689743, "selective_asymmetric_mse": 1.034482717514038, "train_t": 3.0994415283203125e-06, "predict_t": 0.008412837982177734}, "Maxvalue": {"baseline_name": "Maxvalue", "cold_start_invocation_ratio": 0.0, "utilization_ratio": 1.0, "over_provisioned_ratio": 0.0, "cold_start_time_slot_ratio": 0.0, "mae": 0.0, "rmse": 0.0, "mape": 0.0, "selective_asymmetric_mae": 0.0, "selective_asymmetric_mse": 0.0, "train_t": 2.86102294921875e-06, "predict_t": 0.0044708251953125}, "Minvalue": {"baseline_name": "Minvalue", "cold_start_invocation_ratio": 0.0, "utilization_ratio": 1.0, "over_provisioned_ratio": 0.0, "cold_start_time_slot_ratio": 0.0, "mae": 0.0, "rmse": 0.0, "mape": 0.0, "selective_asymmetric_mae": 0.0, "selective_asymmetric_mse": 0.0, "train_t": 2.86102294921875e-06, "predict_t": 0.004264116287231445}, "Avgvalue": {"baseline_name": "Avgvalue", "cold_start_invocation_ratio": 0.0, "utilization_ratio": 1.0, "over_provisioned_ratio": 0.0, "cold_start_time_slot_ratio": 0.0, "mae": 0.0, "rmse": 0.0, "mape": 0.0, "selective_asymmetric_mae": 0.0, "selective_asymmetric_mse": 0.0, "train_t": 3.0994415283203125e-06, "predict_t": 0.0068547725677490234}, "Quantile": {"baseline_name": "Quantile", "cold_start_invocation_ratio": 0.0, "utilization_ratio": 0.9999999999999999, "over_provisioned_ratio": 6.661338147750939e-16, "cold_start_time_slot_ratio": 0.0, "mae": 1.1842378929335003e-16, "rmse": 4.20725816117873e-31, "mape": 2.199074560103656e-17, "selective_asymmetric_mae": 0.0, "selective_asymmetric_mse": 0.0, "train_t": 3.0994415283203125e-06, "predict_t": 0.4556288719177246}}