{"dataset_name": "AzureFunction2019", "function_name": "4be8e60df29812b4e9cc904e88eb9999893bfe2c56055aed62d400d4c03fdea9", "start_day": 0, "end_day": 4, "Crane": {"baseline_name": "Crane", "cold_start_invocation_ratio": 0.6784962272660375, "utilization_ratio": 0.48061676824267047, "over_provisioned_ratio": 1.0806598231193696, "cold_start_time_slot_ratio": 0.07361111111111111, "mae": 0.25295836119391585, "rmse": 0.58824332597595, "mape": 0.9453414854372244, "selective_asymmetric_mae": 1.1721354722976685, "selective_asymmetric_mse": 2.9085237979888916, "train_t": 7.867813110351562e-06, "predict_t": 0.005593061447143555}, "SmartPred": {"baseline_name": "SmartPred", "cold_start_invocation_ratio": 0.22154635430513603, "utilization_ratio": 0.7839059250527942, "over_provisioned_ratio": 0.2756632754531727, "cold_start_time_slot_ratio": 0.06388888888888888, "mae": 0.07149640481635477, "rmse": 0.0561851413019612, "mape": 0.2870904566457534, "selective_asymmetric_mae": 0.5336460471153259, "selective_asymmetric_mse": 0.5199155211448669, "train_t": 0.0793159008026123, "predict_t": 0.0781707763671875}, "NHITS": {"baseline_name": "NHITS", "cold_start_invocation_ratio": 0.45827269442717117, "utilization_ratio": 0.6209102137492142, "over_provisioned_ratio": 0.6105388152044481, "cold_start_time_slot_ratio": 0.0763888888888889, "mae": 0.1536900650981904, "rmse": 0.23507136450566155, "mape": 0.5941553377967261, "selective_asymmetric_mae": 0.7505615949630737, "selective_asymmetric_mse": 1.2339297533035278, "train_t": 3.363358974456787, "predict_t": 0.13483500480651855}, "NBEATS": {"baseline_name": "NBEATS", "cold_start_invocation_ratio": 0.4485674573845734, "utilization_ratio": 0.5394185650032637, "over_provisioned_ratio": 0.8538479482884493, "cold_start_time_slot_ratio": 0.07291666666666667, "mae": 0.1872812059740671, "rmse": 0.2619659456810583, "mape": 0.7702788996197023, "selective_asymmetric_mae": 0.8776445388793945, "selective_asymmetric_mse": 1.1985479593276978, "train_t": 3.089956045150757, "predict_t": 0.08831214904785156}, "DLinear": {"baseline_name": "DLinear", "cold_start_invocation_ratio": 0.7705647626672266, "utilization_ratio": 0.5310986098891508, "over_provisioned_ratio": 0.8828895074847152, "cold_start_time_slot_ratio": 0.075, "mae": 0.23775894264473127, "rmse": 0.6692890007343741, "mape": 0.8100637780039532, "selective_asymmetric_mae": 1.0751838684082031, "selective_asymmetric_mse": 3.2005863189697266, "train_t": 1.8736639022827148, "predict_t": 0.14248991012573242}, "Movingavg": {"baseline_name": "Movingavg", "cold_start_invocation_ratio": 0.7967900302114802, "utilization_ratio": 0.5565480569158588, "over_provisioned_ratio": 0.7967900302114733, "cold_start_time_slot_ratio": 0.08333333333333333, "mae": 0.2291493130626908, "rmse": 0.9497758624089018, "mape": 0.7384663773578913, "selective_asymmetric_mae": 1.1627490520477295, "selective_asymmetric_mse": 5.200046062469482, "train_t": 4.0531158447265625e-06, "predict_t": 0.010313987731933594}, "Movingmax": {"baseline_name": "Movingmax", "cold_start_invocation_ratio": 0.09818731117824774, "utilization_ratio": 0.2907334211682038, "over_provisioned_ratio": 2.4395770392749245, "cold_start_time_slot_ratio": 0.018055555555555554, "mae": 0.36491857049653575, "rmse": 1.575022491646621, "mape": 1.9036443513136456, "selective_asymmetric_mae": 2.3493804931640625, "selective_asymmetric_mse": 10.445616722106934, "train_t": 4.0531158447265625e-06, "predict_t": 0.008570194244384766}, "Movingmin": {"baseline_name": "Movingmin", "cold_start_invocation_ratio": 1.0, "utilization_ratio": 1.0, "over_provisioned_ratio": 0.0, "cold_start_time_slot_ratio": 0.08472222222222223, "mae": 0.14379529385042064, "rmse": 0.9817563197434941, "mape": 0.1558400753341253, "selective_asymmetric_mae": 0.6622837781906128, "selective_asymmetric_mse": 4.806937217712402, "train_t": 2.86102294921875e-06, "predict_t": 0.008482933044433594}, "Maxvalue": {"baseline_name": "Maxvalue", "cold_start_invocation_ratio": 0.14501510574018128, "utilization_ratio": 0.4171392564587272, "over_provisioned_ratio": 1.3972809667673716, "cold_start_time_slot_ratio": 0.03888888888888889, "mae": 0.22177491695057322, "rmse": 0.2748238279143552, "mape": 1.1642543776211467, "selective_asymmetric_mae": 1.3034979104995728, "selective_asymmetric_mse": 1.7867965698242188, "train_t": 3.0994415283203125e-06, "predict_t": 0.004342079162597656}, "Minvalue": {"baseline_name": "Minvalue", "cold_start_invocation_ratio": 0.29607250755287007, "utilization_ratio": 0.9807407407407407, "over_provisioned_ratio": 0.019637462235649546, "cold_start_time_slot_ratio": 0.07916666666666666, "mae": 0.0453976078772476, "rmse": 0.03770759567180893, "mape": 0.15727031261774962, "selective_asymmetric_mae": 0.18311093747615814, "selective_asymmetric_mse": 0.1639431118965149, "train_t": 3.0994415283203125e-06, "predict_t": 0.004304170608520508}, "Avgvalue": {"baseline_name": "Avgvalue", "cold_start_invocation_ratio": 0.20594159113796578, "utilization_ratio": 0.6718538565629217, "over_provisioned_ratio": 0.4884189325276938, "cold_start_time_slot_ratio": 0.06388888888888888, "mae": 0.0998457755386355, "rmse": 0.05919224377630708, "mape": 0.47150759275791965, "selective_asymmetric_mae": 0.5082070231437683, "selective_asymmetric_mse": 0.3041594922542572, "train_t": 4.0531158447265625e-06, "predict_t": 0.007321834564208984}, "Quantile": {"baseline_name": "Quantile", "cold_start_invocation_ratio": 0.2333836800381978, "utilization_ratio": 0.7476001947115527, "over_provisioned_ratio": 0.3376133487844127, "cold_start_time_slot_ratio": 0.06597222222222222, "mae": 0.08210668554726437, "rmse": 0.1087405327647823, "mape": 0.37822248073066833, "selective_asymmetric_mae": 0.5417303442955017, "selective_asymmetric_mse": 0.8088107705116272, "train_t": 5.7220458984375e-06, "predict_t": 0.6503469944000244}}