{"dataset_name": "HuaweiPrivateDataset", "function_name": "4", "start_day": 0, "end_day": 4, "OpenFaaS": {"baseline_name": "OpenFaaS", "cold_start_invocation_ratio": 0.06857377400242702, "utilization_ratio": 0.6277544637155772, "over_provisioned_ratio": 0.5929795131701044, "cold_start_time_slot_ratio": 0.18680555555555556, "mae": 0.8739799036118955, "rmse": 1.2541026377543747, "mape": 3.1391733257400145, "selective_asymmetric_mae": 4.436661720275879, "selective_asymmetric_mse": 7.136455535888672, "train_t": 2.1457672119140625e-06, "predict_t": 0.006925106048583984}, "Crane": {"baseline_name": "Crane", "cold_start_invocation_ratio": 0.25521740526276376, "utilization_ratio": 0.7601494800227138, "over_provisioned_ratio": 0.31553072952193567, "cold_start_time_slot_ratio": 0.4236111111111111, "mae": 0.7540169620466397, "rmse": 0.9207007136368097, "mape": 1.60150400381478, "selective_asymmetric_mae": 2.622271776199341, "selective_asymmetric_mse": 3.272839307785034, "train_t": 3.0994415283203125e-06, "predict_t": 0.004619121551513672}, "Icebreaker": {"baseline_name": "Icebreaker", "cold_start_invocation_ratio": 0.15202010049938539, "utilization_ratio": 0.6746447821606222, "over_provisioned_ratio": 0.4822615196064994, "cold_start_time_slot_ratio": 0.26944444444444443, "mae": 0.8379512277419379, "rmse": 1.0297219666885724, "mape": 2.2869277052686137, "selective_asymmetric_mae": 3.457118034362793, "selective_asymmetric_mse": 4.4867682456970215, "train_t": 3.0994415283203125e-06, "predict_t": 0.006600856781005859}, "Histogram": {"baseline_name": "Histogram", "cold_start_invocation_ratio": 0.21666785637804256, "utilization_ratio": 0.8252530131837837, "over_provisioned_ratio": 0.21174958954957543, "cold_start_time_slot_ratio": 0.44305555555555554, "mae": 0.5659834897015994, "rmse": 0.573380582054209, "mape": 1.5860971245783104, "selective_asymmetric_mae": 2.1178855895996094, "selective_asymmetric_mse": 2.445751190185547, "train_t": 3.0994415283203125e-06, "predict_t": 0.009370803833007812}, "SmartPred": {"baseline_name": "SmartPred", "cold_start_invocation_ratio": 0.17365900899026862, "utilization_ratio": 0.7938457331491527, "over_provisioned_ratio": 0.2596905900508445, "cold_start_time_slot_ratio": 0.36527777777777776, "mae": 0.5724993710165497, "rmse": 0.5922210793591791, "mape": 1.7135356366154078, "selective_asymmetric_mae": 2.4990789890289307, "selective_asymmetric_mse": 3.1045002937316895, "train_t": 0.6036736965179443, "predict_t": 0.5896141529083252}, "NHITS": {"baseline_name": "NHITS", "cold_start_invocation_ratio": 0.07245270705034174, "utilization_ratio": 0.5646118080965756, "over_provisioned_ratio": 0.7711283853081448, "cold_start_time_slot_ratio": 0.15, "mae": 1.1144573477057003, "rmse": 1.6820977225440938, "mape": 3.6115692367333496, "selective_asymmetric_mae": 5.0175957679748535, "selective_asymmetric_mse": 7.817984580993652, "train_t": 3.559087038040161, "predict_t": 0.12796688079833984}, "NBEATS": {"baseline_name": "NBEATS", "cold_start_invocation_ratio": 0.12580885568210728, "utilization_ratio": 0.6318617042861528, "over_provisioned_ratio": 0.5826247946609648, "cold_start_time_slot_ratio": 0.2375, "mae": 0.9359136829151398, "rmse": 1.244758726270618, "mape": 2.627385967771059, "selective_asymmetric_mae": 3.987515687942505, "selective_asymmetric_mse": 5.557858467102051, "train_t": 3.1732020378112793, "predict_t": 0.08692026138305664}, "PatchTST": {"baseline_name": "PatchTST", "cold_start_invocation_ratio": 0.2643836086299607, "utilization_ratio": 0.726910774200217, "over_provisioned_ratio": 0.375684658272192, "cold_start_time_slot_ratio": 0.41875, "mae": 0.845595983058405, "rmse": 1.1601558475854574, "mape": 2.2295858636337043, "selective_asymmetric_mae": 3.0088281631469727, "selective_asymmetric_mse": 4.286828994750977, "train_t": 124.43758988380432, "predict_t": 0.16320085525512695}, "DLinear": {"baseline_name": "DLinear", "cold_start_invocation_ratio": 0.24771833424905493, "utilization_ratio": 0.7208278396712281, "over_provisioned_ratio": 0.3872938099284611, "cold_start_time_slot_ratio": 0.3875, "mae": 0.8389163251423897, "rmse": 1.0791443251751482, "mape": 2.012565000410135, "selective_asymmetric_mae": 3.0776078701019287, "selective_asymmetric_mse": 4.146891117095947, "train_t": 2.1337831020355225, "predict_t": 0.07940888404846191}}