{"dataset_name": "CraneDataset", "function_name": "14", "start_day": 0, "end_day": 4, "Keepalive": {"baseline_name": "Keepalive", "cold_start_invocation_ratio": 0.0018644128292925365, "utilization_ratio": 0.9726582322797089, "over_provisioned_ratio": 0.0281103545036671, "cold_start_time_slot_ratio": 0.11736111111111111, "mae": 0.07172288058821301, "rmse": 0.009056213647023791, "mape": 0.5131195659645637, "selective_asymmetric_mae": 0.3849104940891266, "selective_asymmetric_mse": 0.05430116131901741, "train_t": 1.0013580322265625e-05, "predict_t": 0.007735013961791992}, "Crane": {"baseline_name": "Crane", "cold_start_invocation_ratio": 0.02875823271202837, "utilization_ratio": 0.9951397231104558, "over_provisioned_ratio": 0.004884014552603358, "cold_start_time_slot_ratio": 0.7409722222222223, "mae": 0.08049833569941064, "rmse": 0.01080474795424523, "mape": 0.5709108738454898, "selective_asymmetric_mae": 0.18397517502307892, "selective_asymmetric_mse": 0.027739405632019043, "train_t": 2.6226043701171875e-06, "predict_t": 0.0047760009765625}, "Icebreaker": {"baseline_name": "Icebreaker", "cold_start_invocation_ratio": 0.2099162850984947, "utilization_ratio": 0.9995925427935224, "over_provisioned_ratio": 0.0004076232955268697, "cold_start_time_slot_ratio": 0.9694444444444444, "mae": 0.5032578368007362, "rmse": 0.3038458746875166, "mape": 4.440093360356957, "selective_asymmetric_mae": 0.6986443400382996, "selective_asymmetric_mse": 0.43719401955604553, "train_t": 2.86102294921875e-06, "predict_t": 0.007256984710693359}, "SmartPred": {"baseline_name": "SmartPred", "cold_start_invocation_ratio": 0.004789943838931854, "utilization_ratio": 0.9908265062287469, "over_provisioned_ratio": 0.009258425883426714, "cold_start_time_slot_ratio": 0.38958333333333334, "mae": 0.03361459099460182, "rmse": 0.005340531351237638, "mape": 0.23820917527755572, "selective_asymmetric_mae": 0.1856600046157837, "selective_asymmetric_mse": 0.028548989444971085, "train_t": 1.2236440181732178, "predict_t": 1.2178759574890137}, "NHITS": {"baseline_name": "NHITS", "cold_start_invocation_ratio": 0.029284128971355936, "utilization_ratio": 0.9904453839412871, "over_provisioned_ratio": 0.00964678740860238, "cold_start_time_slot_ratio": 0.6965277777777777, "mae": 0.09315293212098316, "rmse": 0.013915662170969005, "mape": 0.5446101684178506, "selective_asymmetric_mae": 0.23786187171936035, "selective_asymmetric_mse": 0.036840878427028656, "train_t": 3.7947609424591064, "predict_t": 0.12402915954589844}, "NBEATS": {"baseline_name": "NBEATS", "cold_start_invocation_ratio": 0.06638999097254049, "utilization_ratio": 0.9165725631822206, "over_provisioned_ratio": 0.09102109333071366, "cold_start_time_slot_ratio": 0.41944444444444445, "mae": 0.37664934233965475, "rmse": 0.21949888143677296, "mape": 1.8197539244908396, "selective_asymmetric_mae": 1.3753314018249512, "selective_asymmetric_mse": 0.76296067237854, "train_t": 3.2956061363220215, "predict_t": 0.08833599090576172}, "PatchTST": {"baseline_name": "PatchTST", "cold_start_invocation_ratio": 0.05443209868895211, "utilization_ratio": 0.9949001801593883, "over_provisioned_ratio": 0.005125961319852752, "cold_start_time_slot_ratio": 0.8055555555555556, "mae": 0.14250905031646685, "rmse": 0.03233445712156361, "mape": 0.7388331330196061, "selective_asymmetric_mae": 0.25597473978996277, "selective_asymmetric_mse": 0.05323249101638794, "train_t": 120.57026600837708, "predict_t": 0.16281390190124512}, "DLinear": {"baseline_name": "DLinear", "cold_start_invocation_ratio": 0.06146204226457753, "utilization_ratio": 0.9589132207692946, "over_provisioned_ratio": 0.04284723407791132, "cold_start_time_slot_ratio": 0.5861111111111111, "mae": 0.24958865195690375, "rmse": 0.10868913207941662, "mape": 1.1766634182771216, "selective_asymmetric_mae": 0.7391937375068665, "selective_asymmetric_mse": 0.3188723623752594, "train_t": 2.396124839782715, "predict_t": 0.07880926132202148}}