{"dataset_name": "CraneDataset", "function_name": "14", "start_day": 0, "end_day": 4, "SmartPred": {"baseline_name": "SmartPred", "cold_start_invocation_ratio": 0.0003338504387316982, "utilization_ratio": 0.9605233121851129, "over_provisioned_ratio": 0.041099145969795754, "cold_start_time_slot_ratio": 0.02847222222222222, "mae": 0.09913984721919927, "rmse": 0.018637603249231787, "mape": 0.6361222372939697, "selective_asymmetric_mae": 0.578768253326416, "selective_asymmetric_mse": 0.12260185927152634, "train_t": 1.2062101364135742, "predict_t": 1.2095110416412354}, "NHITS": {"baseline_name": "NHITS", "cold_start_invocation_ratio": 0.029284128971355936, "utilization_ratio": 0.9904453839412871, "over_provisioned_ratio": 0.00964678740860238, "cold_start_time_slot_ratio": 0.6965277777777777, "mae": 0.09315293212098316, "rmse": 0.013915662170969005, "mape": 0.5446101684178506, "selective_asymmetric_mae": 0.23786187171936035, "selective_asymmetric_mse": 0.036840878427028656, "train_t": 3.9171059131622314, "predict_t": 0.1271219253540039}, "NBEATS": {"baseline_name": "NBEATS", "cold_start_invocation_ratio": 0.06638999097254049, "utilization_ratio": 0.9165725631822206, "over_provisioned_ratio": 0.09102109333071366, "cold_start_time_slot_ratio": 0.41944444444444445, "mae": 0.37664934233965475, "rmse": 0.21949888143677296, "mape": 1.8197539244908396, "selective_asymmetric_mae": 1.3753314018249512, "selective_asymmetric_mse": 0.76296067237854, "train_t": 3.4112141132354736, "predict_t": 0.08739399909973145}, "PatchTST": {"baseline_name": "PatchTST", "cold_start_invocation_ratio": 0.05443209868895211, "utilization_ratio": 0.9949001801593883, "over_provisioned_ratio": 0.005125961319852752, "cold_start_time_slot_ratio": 0.8055555555555556, "mae": 0.14250905031646685, "rmse": 0.03233445712156361, "mape": 0.7388331330196061, "selective_asymmetric_mae": 0.25597473978996277, "selective_asymmetric_mse": 0.05323249101638794, "train_t": 126.07356905937195, "predict_t": 0.18495392799377441}, "DLinear": {"baseline_name": "DLinear", "cold_start_invocation_ratio": 0.06146204226457753, "utilization_ratio": 0.9589132207692946, "over_provisioned_ratio": 0.04284723407791132, "cold_start_time_slot_ratio": 0.5861111111111111, "mae": 0.24958865195690375, "rmse": 0.10868913207941662, "mape": 1.1766634182771216, "selective_asymmetric_mae": 0.7391937375068665, "selective_asymmetric_mse": 0.3188723623752594, "train_t": 2.768397092819214, "predict_t": 0.11321115493774414}, "Movingavg": {"baseline_name": "Movingavg", "cold_start_invocation_ratio": 0.02808736772772709, "utilization_ratio": 0.971672695083889, "over_provisioned_ratio": 0.02915313465061925, "cold_start_time_slot_ratio": 0.4895833333333333, "mae": 0.13696365584053022, "rmse": 0.0358722102827226, "mape": 1.0869938384952258, "selective_asymmetric_mae": 0.46985355019569397, "selective_asymmetric_mse": 0.12748724222183228, "train_t": 4.76837158203125e-06, "predict_t": 0.010831832885742188}, "Movingmax": {"baseline_name": "Movingmax", "cold_start_invocation_ratio": 0.001630168553831756, "utilization_ratio": 0.9558957092287379, "over_provisioned_ratio": 0.046139228731187254, "cold_start_time_slot_ratio": 0.10069444444444445, "mae": 0.11430143023919298, "rmse": 0.024548096139391188, "mape": 0.7484520985085705, "selective_asymmetric_mae": 0.5775173902511597, "selective_asymmetric_mse": 0.12231723219156265, "train_t": 3.0994415283203125e-06, "predict_t": 0.008623123168945312}, "Movingmin": {"baseline_name": "Movingmin", "cold_start_invocation_ratio": 0.04180167035203694, "utilization_ratio": 0.9984758448120922, "over_provisioned_ratio": 0.0015264817830365253, "cold_start_time_slot_ratio": 0.8069444444444445, "mae": 0.1036745288853241, "rmse": 0.02868915186397585, "mape": 0.8224992673763492, "selective_asymmetric_mae": 0.21435724198818207, "selective_asymmetric_mse": 0.07052943855524063, "train_t": 3.0994415283203125e-06, "predict_t": 0.00859212875366211}, "Maxvalue": {"baseline_name": "Maxvalue", "cold_start_invocation_ratio": 0.003660782543737612, "utilization_ratio": 0.952022505519317, "over_provisioned_ratio": 0.05039533645742147, "cold_start_time_slot_ratio": 0.29305555555555557, "mae": 0.12934414219519993, "rmse": 0.039699304700493904, "mape": 1.286158442049823, "selective_asymmetric_mae": 0.7398102879524231, "selective_asymmetric_mse": 0.25585800409317017, "train_t": 9.059906005859375e-06, "predict_t": 0.0039768218994140625}, "Minvalue": {"baseline_name": "Minvalue", "cold_start_invocation_ratio": 0.03285793281475827, "utilization_ratio": 0.9986077284050399, "over_provisioned_ratio": 0.001394212717724358, "cold_start_time_slot_ratio": 0.9180555555555555, "mae": 0.08195768516324882, "rmse": 0.010883845612967466, "mape": 0.5255325292045233, "selective_asymmetric_mae": 0.14618608355522156, "selective_asymmetric_mse": 0.02090880461037159, "train_t": 4.0531158447265625e-06, "predict_t": 0.0038471221923828125}, "Avgvalue": {"baseline_name": "Avgvalue", "cold_start_invocation_ratio": 0.011900249780903918, "utilization_ratio": 0.9874304354581837, "over_provisioned_ratio": 0.012729569689619876, "cold_start_time_slot_ratio": 0.5361111111111111, "mae": 0.058933621774978344, "rmse": 0.005846763626453966, "mape": 0.387095591592688, "selective_asymmetric_mae": 0.24264295399188995, "selective_asymmetric_mse": 0.03190473094582558, "train_t": 5.245208740234375e-06, "predict_t": 0.0071222782135009766}, "Quantile": {"baseline_name": "Quantile", "cold_start_invocation_ratio": 0.03901797658077838, "utilization_ratio": 0.9890513616568283, "over_provisioned_ratio": 0.011069837995905411, "cold_start_time_slot_ratio": 0.6236111111111111, "mae": 0.11984888169116394, "rmse": 0.026877973916939604, "mape": 1.003731799977301, "selective_asymmetric_mae": 0.3073900043964386, "selective_asymmetric_mse": 0.06998323649168015, "train_t": 9.059906005859375e-06, "predict_t": 1.1271250247955322}}