{"dataset_name": "CraneDataset", "function_name": "9", "start_day": 0, "end_day": 4, "Keepalive": {"baseline_name": "Keepalive", "cold_start_invocation_ratio": 0.03021977083776295, "utilization_ratio": 0.9901874361855049, "over_provisioned_ratio": 0.009909804402588379, "cold_start_time_slot_ratio": 0.6659722222222222, "mae": 0.07714534061729178, "rmse": 0.009290789059266936, "mape": 0.2566623553955154, "selective_asymmetric_mae": 0.25686606764793396, "selective_asymmetric_mse": 0.04527962952852249, "train_t": 5.0067901611328125e-06, "predict_t": 0.008059263229370117}, "Crane": {"baseline_name": "Crane", "cold_start_invocation_ratio": 0.01123973111818067, "utilization_ratio": 0.9903141859493422, "over_provisioned_ratio": 0.009780546606401878, "cold_start_time_slot_ratio": 0.4840277777777778, "mae": 0.040409510323010246, "rmse": 0.00416425254607772, "mape": 0.14662580311985088, "selective_asymmetric_mae": 0.16070279479026794, "selective_asymmetric_mse": 0.02013351209461689, "train_t": 2.86102294921875e-06, "predict_t": 0.005606174468994141}, "Icebreaker": {"baseline_name": "Icebreaker", "cold_start_invocation_ratio": 0.20625513562891387, "utilization_ratio": 0.9988714950212062, "over_provisioned_ratio": 0.0011297799410823607, "cold_start_time_slot_ratio": 0.9729166666666667, "mae": 0.39867802872850905, "rmse": 0.2154785566184392, "mape": 1.1587776126308647, "selective_asymmetric_mae": 0.6184471249580383, "selective_asymmetric_mse": 0.3557242155075073, "train_t": 3.0994415283203125e-06, "predict_t": 0.006824016571044922}, "SmartPred": {"baseline_name": "SmartPred", "cold_start_invocation_ratio": 0.0013830147551207154, "utilization_ratio": 0.9588271649299543, "over_provisioned_ratio": 0.04294083081495948, "cold_start_time_slot_ratio": 0.08611111111111111, "mae": 0.08520843152443347, "rmse": 0.014876502134439123, "mape": 0.42213806074957366, "selective_asymmetric_mae": 0.558285117149353, "selective_asymmetric_mse": 0.11844544112682343, "train_t": 1.3787178993225098, "predict_t": 1.444997787475586}}