{"dataset_name": "HuaweiPublicDataset", "function_name": "4", "start_day": 0, "end_day": 4, "Keepalive": {"baseline_name": "Keepalive", "cold_start_invocation_ratio": 0.015089188603050621, "utilization_ratio": 0.9104759799704675, "over_provisioned_ratio": 0.0983266137701272, "cold_start_time_slot_ratio": 0.21388888888888888, "mae": 0.2321250591238824, "rmse": 0.1273320416925155, "mape": 1.1304124302031902, "selective_asymmetric_mae": 1.3423007726669312, "selective_asymmetric_mse": 0.9397370219230652, "train_t": 2.86102294921875e-06, "predict_t": 0.009901762008666992}, "Crane": {"baseline_name": "Crane", "cold_start_invocation_ratio": 0.12225215613958322, "utilization_ratio": 0.9689685655965613, "over_provisioned_ratio": 0.032025223010545986, "cold_start_time_slot_ratio": 0.5944444444444444, "mae": 0.31575534455832216, "rmse": 0.2195067315211462, "mape": 1.0686280595514779, "selective_asymmetric_mae": 0.7962871789932251, "selective_asymmetric_mse": 0.5543072819709778, "train_t": 4.0531158447265625e-06, "predict_t": 0.0067310333251953125}, "Icebreaker": {"baseline_name": "Icebreaker", "cold_start_invocation_ratio": 0.03987694167147016, "utilization_ratio": 0.7942179878364399, "over_provisioned_ratio": 0.25910016559073407, "cold_start_time_slot_ratio": 0.14305555555555555, "mae": 0.6119083694490456, "rmse": 0.4684132535018214, "mape": 2.430777745379059, "selective_asymmetric_mae": 2.7293081283569336, "selective_asymmetric_mse": 2.088151216506958, "train_t": 4.0531158447265625e-06, "predict_t": 0.009312629699707031}, "SmartPred": {"baseline_name": "SmartPred", "cold_start_invocation_ratio": 0.00918213783764794, "utilization_ratio": 0.8653879423840672, "over_provisioned_ratio": 0.1555511130015141, "cold_start_time_slot_ratio": 0.11527777777777778, "mae": 0.3371550947097394, "rmse": 0.21299990293241072, "mape": 1.4647939832459536, "selective_asymmetric_mae": 1.8846021890640259, "selective_asymmetric_mse": 1.2895853519439697, "train_t": 1.3455140590667725, "predict_t": 1.2975327968597412}}