{"dataset_name": "HuaweiPublicDataset", "function_name": "4", "start_day": 0, "end_day": 4, "Crane": {"baseline_name": "Crane", "cold_start_invocation_ratio": 0.09408512436405954, "utilization_ratio": 0.9508044423445196, "over_provisioned_ratio": 0.05174098422823092, "cold_start_time_slot_ratio": 0.4847222222222222, "mae": 0.29845835739373483, "rmse": 0.19035185203428165, "mape": 0.9211214898257348, "selective_asymmetric_mae": 0.913480818271637, "selective_asymmetric_mse": 0.5563490390777588, "train_t": 2.1457672119140625e-06, "predict_t": 0.006270885467529297}, "Icebreaker": {"baseline_name": "Icebreaker", "cold_start_invocation_ratio": 0.03987694167147016, "utilization_ratio": 0.7942179878364399, "over_provisioned_ratio": 0.25910016559073407, "cold_start_time_slot_ratio": 0.14305555555555555, "mae": 0.6119083694490456, "rmse": 0.4684132535018214, "mape": 2.430777745379059, "selective_asymmetric_mae": 2.7293081283569336, "selective_asymmetric_mse": 2.088151216506958, "train_t": 2.1457672119140625e-06, "predict_t": 0.008612871170043945}, "SmartPred": {"baseline_name": "SmartPred", "cold_start_invocation_ratio": 0.00918213783764794, "utilization_ratio": 0.8653879423840672, "over_provisioned_ratio": 0.1555511130015141, "cold_start_time_slot_ratio": 0.11527777777777778, "mae": 0.3371550947097394, "rmse": 0.21299990293241072, "mape": 1.4647939832459536, "selective_asymmetric_mae": 1.8846021890640259, "selective_asymmetric_mse": 1.2895853519439697, "train_t": 1.26615309715271, "predict_t": 1.289306879043579}, "NHITS": {"baseline_name": "NHITS", "cold_start_invocation_ratio": 0.08852060260786343, "utilization_ratio": 0.9517248412373964, "over_provisioned_ratio": 0.05072386121585102, "cold_start_time_slot_ratio": 0.5277777777777778, "mae": 0.28498788282960646, "rmse": 0.15896593993574804, "mape": 1.0057596439082652, "selective_asymmetric_mae": 0.8321569561958313, "selective_asymmetric_mse": 0.49131637811660767, "train_t": 3.4288337230682373, "predict_t": 0.13125085830688477}, "NBEATS": {"baseline_name": "NBEATS", "cold_start_invocation_ratio": 0.07628874614373572, "utilization_ratio": 0.8938390406299326, "over_provisioned_ratio": 0.11876966046957468, "cold_start_time_slot_ratio": 0.32013888888888886, "mae": 0.399220771888071, "rmse": 0.27447554596100554, "mape": 1.0995109507837808, "selective_asymmetric_mae": 1.4442169666290283, "selective_asymmetric_mse": 0.9365813136100769, "train_t": 3.0675721168518066, "predict_t": 0.09097695350646973}, "DLinear": {"baseline_name": "DLinear", "cold_start_invocation_ratio": 0.12631437446708269, "utilization_ratio": 0.9282395232046624, "over_provisioned_ratio": 0.0773081462288862, "cold_start_time_slot_ratio": 0.4951388888888889, "mae": 0.416748712846772, "rmse": 0.3248362375083234, "mape": 1.3480446426535024, "selective_asymmetric_mae": 1.2099640369415283, "selective_asymmetric_mse": 0.9140370488166809, "train_t": 1.8659310340881348, "predict_t": 0.07111406326293945}, "Movingavg": {"baseline_name": "Movingavg", "cold_start_invocation_ratio": 0.05474775968219786, "utilization_ratio": 0.9477643450931392, "over_provisioned_ratio": 0.055114602250338984, "cold_start_time_slot_ratio": 0.43472222222222223, "mae": 0.22485232855973247, "rmse": 0.12331081522651523, "mape": 0.8931192665529856, "selective_asymmetric_mae": 0.8534764051437378, "selective_asymmetric_mse": 0.4822346568107605, "train_t": 3.0994415283203125e-06, "predict_t": 0.011330127716064453}, "Movingmax": {"baseline_name": "Movingmax", "cold_start_invocation_ratio": 0.004536674388349008, "utilization_ratio": 0.8330368301397829, "over_provisioned_ratio": 0.20042711656842452, "cold_start_time_slot_ratio": 0.05416666666666667, "mae": 0.4194938544591018, "rmse": 0.35841599308965905, "mape": 2.106399929257175, "selective_asymmetric_mae": 2.390982151031494, "selective_asymmetric_mse": 2.2162866592407227, "train_t": 2.86102294921875e-06, "predict_t": 0.009674072265625}, "Movingmin": {"baseline_name": "Movingmin", "cold_start_invocation_ratio": 0.15696451652392246, "utilization_ratio": 0.9977073258440874, "over_provisioned_ratio": 0.0022979425894993424, "cold_start_time_slot_ratio": 0.9340277777777778, "mae": 0.32595817306196506, "rmse": 0.22284401025360243, "mape": 1.3513167345926353, "selective_asymmetric_mae": 0.6224256157875061, "selective_asymmetric_mse": 0.5844759345054626, "train_t": 3.0994415283203125e-06, "predict_t": 0.009329795837402344}, "Maxvalue": {"baseline_name": "Maxvalue", "cold_start_invocation_ratio": 0.014352742646172527, "utilization_ratio": 0.8886117300612677, "over_provisioned_ratio": 0.12535088854954946, "cold_start_time_slot_ratio": 0.13333333333333333, "mae": 0.28592764828684236, "rmse": 0.1436338034414738, "mape": 1.6285929296953077, "selective_asymmetric_mae": 1.4837719202041626, "selective_asymmetric_mse": 0.8113622069358826, "train_t": 3.0994415283203125e-06, "predict_t": 0.0055048465728759766}, "Minvalue": {"baseline_name": "Minvalue", "cold_start_invocation_ratio": 0.13217211261046513, "utilization_ratio": 0.9875206623842976, "over_provisioned_ratio": 0.01263703949806167, "cold_start_time_slot_ratio": 0.7534722222222222, "mae": 0.29637698002849494, "rmse": 0.2099001096779109, "mape": 0.8703704433874732, "selective_asymmetric_mae": 0.6449520587921143, "selective_asymmetric_mse": 0.5332781672477722, "train_t": 7.152557373046875e-06, "predict_t": 0.0053250789642333984}, "Avgvalue": {"baseline_name": "Avgvalue", "cold_start_invocation_ratio": 0.044759598315875976, "utilization_ratio": 0.9560327071271179, "over_provisioned_ratio": 0.04598931871797986, "cold_start_time_slot_ratio": 0.425, "mae": 0.18573335717892733, "rmse": 0.07709806723294005, "mape": 0.8973460129085948, "selective_asymmetric_mae": 0.7265101075172424, "selective_asymmetric_mse": 0.3449563682079315, "train_t": 2.1457672119140625e-06, "predict_t": 0.008096933364868164}, "Quantile": {"baseline_name": "Quantile", "cold_start_invocation_ratio": 0.14175415719721685, "utilization_ratio": 0.9244558100033734, "over_provisioned_ratio": 0.0817174700825895, "cold_start_time_slot_ratio": 0.47430555555555554, "mae": 0.4573733431268568, "rmse": 0.4158239023296038, "mape": 1.574492978760453, "selective_asymmetric_mae": 1.337781548500061, "selective_asymmetric_mse": 1.0824178457260132, "train_t": 9.059906005859375e-06, "predict_t": 1.406670093536377}}