{"dataset_name": "HuaweiPrivateDataset", "function_name": "28", "start_day": 0, "end_day": 4, "Crane": {"baseline_name": "Crane", "cold_start_invocation_ratio": 0.02354426603773009, "utilization_ratio": 0.9845346099224902, "over_provisioned_ratio": 0.015708325458185235, "cold_start_time_slot_ratio": 0.5555555555555556, "mae": 0.07239633988662017, "rmse": 0.01874117704228656, "mape": 0.2871307777653056, "selective_asymmetric_mae": 0.2284785658121109, "selective_asymmetric_mse": 0.06583086401224136, "train_t": 3.0994415283203125e-06, "predict_t": 0.0062601566314697266}, "Icebreaker": {"baseline_name": "Icebreaker", "cold_start_invocation_ratio": 0.0007066274405226432, "utilization_ratio": 0.7711711054798739, "over_provisioned_ratio": 0.29672908242293683, "cold_start_time_slot_ratio": 0.025, "mae": 0.5485817859423103, "rmse": 0.390039101628772, "mape": 2.680655695618101, "selective_asymmetric_mae": 2.8208651542663574, "selective_asymmetric_mse": 1.9618135690689087, "train_t": 2.86102294921875e-06, "predict_t": 0.0075647830963134766}, "SmartPred": {"baseline_name": "SmartPred", "cold_start_invocation_ratio": 0.007584357404158476, "utilization_ratio": 0.9601573404882787, "over_provisioned_ratio": 0.041495969287136746, "cold_start_time_slot_ratio": 0.09583333333333334, "mae": 0.09052232929026154, "rmse": 0.016361487041606632, "mape": 0.5406257985654855, "selective_asymmetric_mae": 0.5358949899673462, "selective_asymmetric_mse": 0.12243067473173141, "train_t": 1.255699872970581, "predict_t": 1.2291061878204346}, "NHITS": {"baseline_name": "NHITS", "cold_start_invocation_ratio": 0.045105132365060176, "utilization_ratio": 0.97486419952268, "over_provisioned_ratio": 0.02578389942889191, "cold_start_time_slot_ratio": 0.5520833333333334, "mae": 0.13074567167170173, "rmse": 0.030413126551207727, "mape": 0.8212962812082208, "selective_asymmetric_mae": 0.38159337639808655, "selective_asymmetric_mse": 0.09953784197568893, "train_t": 3.4501161575317383, "predict_t": 0.12939906120300293}, "NBEATS": {"baseline_name": "NBEATS", "cold_start_invocation_ratio": 0.06093648178316827, "utilization_ratio": 0.9700799009073513, "over_provisioned_ratio": 0.030842922386767602, "cold_start_time_slot_ratio": 0.5770833333333333, "mae": 0.1692752678398213, "rmse": 0.04694859185543232, "mape": 0.7091700547068882, "selective_asymmetric_mae": 0.460931658744812, "selective_asymmetric_mse": 0.13045911490917206, "train_t": 3.085226058959961, "predict_t": 0.08780169486999512}, "DLinear": {"baseline_name": "DLinear", "cold_start_invocation_ratio": 0.09713633309257128, "utilization_ratio": 0.9619200151897391, "over_provisioned_ratio": 0.03958747526710898, "cold_start_time_slot_ratio": 0.5944444444444444, "mae": 0.25216942177258683, "rmse": 0.10365147598355173, "mape": 0.8224868813913359, "selective_asymmetric_mae": 0.633016049861908, "selective_asymmetric_mse": 0.2360880970954895, "train_t": 1.8546838760375977, "predict_t": 0.0700991153717041}, "Movingavg": {"baseline_name": "Movingavg", "cold_start_invocation_ratio": 0.02968471619177017, "utilization_ratio": 0.9708887709310821, "over_provisioned_ratio": 0.029984103164566695, "cold_start_time_slot_ratio": 0.47708333333333336, "mae": 0.11005143767906958, "rmse": 0.0231934842239816, "mape": 0.5594162832459705, "selective_asymmetric_mae": 0.37654343247413635, "selective_asymmetric_mse": 0.08894293010234833, "train_t": 3.814697265625e-06, "predict_t": 0.011513948440551758}, "Movingmax": {"baseline_name": "Movingmax", "cold_start_invocation_ratio": 0.002176700248462227, "utilization_ratio": 0.9285547279682946, "over_provisioned_ratio": 0.07694244601826515, "cold_start_time_slot_ratio": 0.07361111111111111, "mae": 0.14592505580838566, "rmse": 0.040689126554879884, "mape": 2.1639111518983922, "selective_asymmetric_mae": 0.7828155755996704, "selective_asymmetric_mse": 0.2504599690437317, "train_t": 6.198883056640625e-06, "predict_t": 0.009938955307006836}, "Movingmin": {"baseline_name": "Movingmin", "cold_start_invocation_ratio": 0.051618931542668695, "utilization_ratio": 0.9984775409813905, "over_provisioned_ratio": 0.001524780434333123, "cold_start_time_slot_ratio": 0.8611111111111112, "mae": 0.09801671911328544, "rmse": 0.023556363796223993, "mape": 0.7569214724438423, "selective_asymmetric_mae": 0.19868680834770203, "selective_asymmetric_mse": 0.06671787798404694, "train_t": 2.86102294921875e-06, "predict_t": 0.009483098983764648}, "Maxvalue": {"baseline_name": "Maxvalue", "cold_start_invocation_ratio": 0.009425560826493536, "utilization_ratio": 0.883940281474329, "over_provisioned_ratio": 0.13129814418242636, "cold_start_time_slot_ratio": 0.1388888888888889, "mae": 0.25954671499817783, "rmse": 0.12241388559433455, "mape": 1.1849047787080704, "selective_asymmetric_mae": 1.3254719972610474, "selective_asymmetric_mse": 0.6443925499916077, "train_t": 3.0994415283203125e-06, "predict_t": 0.005507230758666992}, "Minvalue": {"baseline_name": "Minvalue", "cold_start_invocation_ratio": 0.07721064475418075, "utilization_ratio": 0.9986662588318276, "over_provisioned_ratio": 0.0013355224093908402, "cold_start_time_slot_ratio": 0.8951388888888889, "mae": 0.14486826978944692, "rmse": 0.07523462493787496, "mape": 0.40593742692821055, "selective_asymmetric_mae": 0.22803594172000885, "selective_asymmetric_mse": 0.11931440234184265, "train_t": 3.0994415283203125e-06, "predict_t": 0.005174875259399414}, "Avgvalue": {"baseline_name": "Avgvalue", "cold_start_invocation_ratio": 0.026521065916674014, "utilization_ratio": 0.9646736002217489, "over_provisioned_ratio": 0.03662005446207953, "cold_start_time_slot_ratio": 0.3326388888888889, "mae": 0.11645564885156491, "rmse": 0.02713736667277708, "mape": 0.44481987172698406, "selective_asymmetric_mae": 0.434681236743927, "selective_asymmetric_mse": 0.09421823173761368, "train_t": 3.0994415283203125e-06, "predict_t": 0.007863044738769531}, "Quantile": {"baseline_name": "Quantile", "cold_start_invocation_ratio": 0.08285921871610766, "utilization_ratio": 0.9697131316553759, "over_provisioned_ratio": 0.0312328124224967, "cold_start_time_slot_ratio": 0.7111111111111111, "mae": 0.21042802907738656, "rmse": 0.08390680620415356, "mape": 0.9526347713258155, "selective_asymmetric_mae": 0.5262293815612793, "selective_asymmetric_mse": 0.2504853904247284, "train_t": 4.0531158447265625e-06, "predict_t": 1.5596022605895996}}