{"dataset_name": "CraneDataset", "function_name": "11", "start_day": 0, "end_day": 4, "Crane": {"baseline_name": "Crane", "cold_start_invocation_ratio": 0.10786938012486469, "utilization_ratio": 0.8950553507165012, "over_provisioned_ratio": 0.11724934016593554, "cold_start_time_slot_ratio": 0.5020833333333333, "mae": 0.2947119148661953, "rmse": 0.155815649354537, "mape": 5.136390561854177, "selective_asymmetric_mae": 1.1927731037139893, "selective_asymmetric_mse": 0.7052552103996277, "train_t": 1.9073486328125e-06, "predict_t": 0.005253314971923828}, "Icebreaker": {"baseline_name": "Icebreaker", "cold_start_invocation_ratio": 0.34614131173614715, "utilization_ratio": 0.9019182296835138, "over_provisioned_ratio": 0.10874796305082278, "cold_start_time_slot_ratio": 0.7402777777777778, "mae": 0.5955137318273104, "rmse": 0.6125127661836617, "mape": 24.406379754498843, "selective_asymmetric_mae": 1.545877456665039, "selective_asymmetric_mse": 1.4720600843429565, "train_t": 3.0994415283203125e-06, "predict_t": 0.007023811340332031}, "SmartPred": {"baseline_name": "SmartPred", "cold_start_invocation_ratio": 0.012789745765754701, "utilization_ratio": 0.960691619007907, "over_provisioned_ratio": 0.04091675227966198, "cold_start_time_slot_ratio": 0.27152777777777776, "mae": 0.07030932327296627, "rmse": 0.015055349349774873, "mape": 1.5049831453301907, "selective_asymmetric_mae": 0.5729358792304993, "selective_asymmetric_mse": 0.19053450226783752, "train_t": 0.5759150981903076, "predict_t": 0.5766429901123047}, "NHITS": {"baseline_name": "NHITS", "cold_start_invocation_ratio": 0.10200767341843767, "utilization_ratio": 0.8283271176300802, "over_provisioned_ratio": 0.2072525198270632, "cold_start_time_slot_ratio": 0.3541666666666667, "mae": 0.404864880297544, "rmse": 0.3247679605648406, "mape": 1.536942318896113, "selective_asymmetric_mae": 1.9072611331939697, "selective_asymmetric_mse": 1.5589607954025269, "train_t": 3.7426917552948, "predict_t": 0.13054203987121582}, "NBEATS": {"baseline_name": "NBEATS", "cold_start_invocation_ratio": 0.13535315050778501, "utilization_ratio": 0.81055548662829, "over_provisioned_ratio": 0.23372183212250333, "cold_start_time_slot_ratio": 0.4, "mae": 0.48317081191503697, "rmse": 0.4587639586313933, "mape": 6.426443152384991, "selective_asymmetric_mae": 2.1952388286590576, "selective_asymmetric_mse": 2.1200664043426514, "train_t": 3.328382968902588, "predict_t": 0.09011983871459961}, "DLinear": {"baseline_name": "DLinear", "cold_start_invocation_ratio": 0.1748850828167595, "utilization_ratio": 0.8602540813155722, "over_provisioned_ratio": 0.16244726031490223, "cold_start_time_slot_ratio": 0.5256944444444445, "mae": 0.44161525377458927, "rmse": 0.35922845783645574, "mape": 4.793125627623795, "selective_asymmetric_mae": 1.6483590602874756, "selective_asymmetric_mse": 1.3119010925292969, "train_t": 2.100001096725464, "predict_t": 0.07139205932617188}, "Movingavg": {"baseline_name": "Movingavg", "cold_start_invocation_ratio": 0.11658262725190162, "utilization_ratio": 0.8953480769291019, "over_provisioned_ratio": 0.11688406527865394, "cold_start_time_slot_ratio": 0.46111111111111114, "mae": 0.30564057899883623, "rmse": 0.3033395907559626, "mape": 7.235492544805138, "selective_asymmetric_mae": 1.5585275888442993, "selective_asymmetric_mse": 1.867987036705017, "train_t": 9.059906005859375e-06, "predict_t": 0.010902881622314453}, "Movingmax": {"baseline_name": "Movingmax", "cold_start_invocation_ratio": 0.006882125912453352, "utilization_ratio": 0.8244156733570839, "over_provisioned_ratio": 0.21298033542706582, "cold_start_time_slot_ratio": 0.07083333333333333, "mae": 0.2878307361771755, "rmse": 0.26793010268725204, "mape": 3.6734369193787426, "selective_asymmetric_mae": 2.1706058979034424, "selective_asymmetric_mse": 2.7386975288391113, "train_t": 8.106231689453125e-06, "predict_t": 0.008772134780883789}, "Movingmin": {"baseline_name": "Movingmin", "cold_start_invocation_ratio": 0.16837671043183097, "utilization_ratio": 0.9943591572259655, "over_provisioned_ratio": 0.005672842386015698, "cold_start_time_slot_ratio": 0.8875, "mae": 0.22785522646136352, "rmse": 0.28149585573159763, "mape": 8.857525381931495, "selective_asymmetric_mae": 0.4817304313182831, "selective_asymmetric_mse": 0.46837180852890015, "train_t": 2.86102294921875e-06, "predict_t": 0.008322000503540039}, "Maxvalue": {"baseline_name": "Maxvalue", "cold_start_invocation_ratio": 0.019505873922684623, "utilization_ratio": 0.8528185952322044, "over_provisioned_ratio": 0.17258231186636303, "cold_start_time_slot_ratio": 0.26458333333333334, "mae": 0.2514703218992016, "rmse": 0.27485488439022293, "mape": 3.8510442272007492, "selective_asymmetric_mae": 1.7584024667739868, "selective_asymmetric_mse": 2.276963233947754, "train_t": 3.0994415283203125e-06, "predict_t": 0.003999948501586914}, "Minvalue": {"baseline_name": "Minvalue", "cold_start_invocation_ratio": 0.14257936389699116, "utilization_ratio": 0.9778459003613266, "over_provisioned_ratio": 0.022656023439366683, "cold_start_time_slot_ratio": 0.7965277777777777, "mae": 0.2163162501219387, "rmse": 0.1533613492484036, "mape": 1.3095630141256056, "selective_asymmetric_mae": 0.5767764449119568, "selective_asymmetric_mse": 0.3978483974933624, "train_t": 4.291534423828125e-06, "predict_t": 0.003690958023071289}, "Avgvalue": {"baseline_name": "Avgvalue", "cold_start_invocation_ratio": 0.07066500257106469, "utilization_ratio": 0.9203715227461667, "over_provisioned_ratio": 0.08651775428279512, "cold_start_time_slot_ratio": 0.5166666666666667, "mae": 0.20577422968871464, "rmse": 0.14265594937064457, "mape": 1.8789116420479761, "selective_asymmetric_mae": 1.080183744430542, "selective_asymmetric_mse": 0.9909306168556213, "train_t": 1.0013580322265625e-05, "predict_t": 0.007218837738037109}, "Quantile": {"baseline_name": "Quantile", "cold_start_invocation_ratio": 0.085957309084174, "utilization_ratio": 0.9383909696959785, "over_provisioned_ratio": 0.06565390364315017, "cold_start_time_slot_ratio": 0.6194444444444445, "mae": 0.19848029857462626, "rmse": 0.09983727136318912, "mape": 2.828013656251369, "selective_asymmetric_mae": 0.7439982891082764, "selective_asymmetric_mse": 0.4191802144050598, "train_t": 3.814697265625e-06, "predict_t": 1.0117580890655518}}