{"dataset_name": "AzureFunction2019", "function_name": "94a32ea3f04599336f20deb4aa3ebf10722c90ec0a3e0da8834f171b91287487", "start_day": 0, "end_day": 4, "Crane": {"baseline_name": "Crane", "cold_start_invocation_ratio": 2.7755575615628914e-17, "utilization_ratio": 0.760938490805314, "over_provisioned_ratio": 0.3141666666666619, "cold_start_time_slot_ratio": 0.0020833333333333333, "mae": 0.04090101619980886, "rmse": 0.003194915254237288, "mape": 0.3141666666666669, "selective_asymmetric_mae": 0.1833494007587433, "selective_asymmetric_mse": 0.01432203408330679, "train_t": 8.821487426757812e-06, "predict_t": 0.006952762603759766}, "Icebreaker": {"baseline_name": "Icebreaker", "cold_start_invocation_ratio": 0.9843271233080849, "utilization_ratio": 0.5197495155870967, "over_provisioned_ratio": 0.9240037171952412, "cold_start_time_slot_ratio": 0.016666666666666666, "mae": 0.24844351391624836, "rmse": 1.0000386696070431, "mape": 0.9406872277597855, "selective_asymmetric_mae": 1.5261402130126953, "selective_asymmetric_mse": 7.661330699920654, "train_t": 3.0994415283203125e-06, "predict_t": 0.010962963104248047}, "SmartPred": {"baseline_name": "SmartPred", "cold_start_invocation_ratio": 0.0, "utilization_ratio": 1.0, "over_provisioned_ratio": 0.0, "cold_start_time_slot_ratio": 0.0, "mae": 0.0, "rmse": 0.0, "mape": 0.0, "selective_asymmetric_mae": 0.0, "selective_asymmetric_mse": 0.0, "train_t": 0.05936002731323242, "predict_t": 0.05679488182067871}, "NHITS": {"baseline_name": "NHITS", "cold_start_invocation_ratio": 0.0034610554575920105, "utilization_ratio": 0.8958755882778373, "over_provisioned_ratio": 0.11622641925350763, "cold_start_time_slot_ratio": 0.011111111111111112, "mae": 0.01558198199068296, "rmse": 0.0007546661950375116, "mape": 0.11462492617271383, "selective_asymmetric_mae": 0.07729288190603256, "selective_asymmetric_mse": 0.0037519200704991817, "train_t": 3.4135429859161377, "predict_t": 0.1368119716644287}, "NBEATS": {"baseline_name": "NBEATS", "cold_start_invocation_ratio": 0.8695771048466364, "utilization_ratio": 0.4326620955431766, "over_provisioned_ratio": 1.3112724925546597, "cold_start_time_slot_ratio": 0.016666666666666666, "mae": 0.2839224340986429, "rmse": 0.8364528685740604, "mape": 1.32601108755206, "selective_asymmetric_mae": 1.581234097480774, "selective_asymmetric_mse": 6.203144550323486, "train_t": 3.0735628604888916, "predict_t": 0.09013104438781738}, "DLinear": {"baseline_name": "DLinear", "cold_start_invocation_ratio": 0.4983590953052044, "utilization_ratio": 0.6576630588585364, "over_provisioned_ratio": 0.5205354573748385, "cold_start_time_slot_ratio": 0.016666666666666666, "mae": 0.13264877221770846, "rmse": 0.2775341248139993, "mape": 0.5289822217020453, "selective_asymmetric_mae": 0.9704201817512512, "selective_asymmetric_mse": 2.1927075386047363, "train_t": 1.9203739166259766, "predict_t": 0.14768624305725098}, "Movingavg": {"baseline_name": "Movingavg", "cold_start_invocation_ratio": 1.0, "utilization_ratio": 0.5000000000000087, "over_provisioned_ratio": 0.9999999999999877, "cold_start_time_slot_ratio": 0.016666666666666666, "mae": 0.26037782196164766, "rmse": 1.0423728813559319, "mape": 1.0169491525423728, "selective_asymmetric_mae": 1.615427851676941, "selective_asymmetric_mse": 7.958475112915039, "train_t": 4.0531158447265625e-06, "predict_t": 0.01028895378112793}, "Movingmax": {"baseline_name": "Movingmax", "cold_start_invocation_ratio": 1.0, "utilization_ratio": 0.047619047619047616, "over_provisioned_ratio": 20.0, "cold_start_time_slot_ratio": 0.016666666666666666, "mae": 2.733967130597301, "rmse": 21.355932203389823, "mape": 20.01694915254237, "selective_asymmetric_mae": 15.063942909240723, "selective_asymmetric_mse": 117.66948699951172, "train_t": 4.0531158447265625e-06, "predict_t": 0.00853419303894043}, "Movingmin": {"baseline_name": "Movingmin", "cold_start_invocation_ratio": 1.0, "utilization_ratio": 1.0, "over_provisioned_ratio": 0.0, "cold_start_time_slot_ratio": 0.016666666666666666, "mae": 0.13018891098082383, "rmse": 1.0169491525423726, "mape": 0.01694915254237288, "selective_asymmetric_mae": 1.0035395622253418, "selective_asymmetric_mse": 7.838982582092285, "train_t": 3.0994415283203125e-06, "predict_t": 0.008634090423583984}, "Maxvalue": {"baseline_name": "Maxvalue", "cold_start_invocation_ratio": 0.0, "utilization_ratio": 1.0, "over_provisioned_ratio": 0.0, "cold_start_time_slot_ratio": 0.0, "mae": 0.0, "rmse": 0.0, "mape": 0.0, "selective_asymmetric_mae": 0.0, "selective_asymmetric_mse": 0.0, "train_t": 3.0994415283203125e-06, "predict_t": 0.004251956939697266}, "Minvalue": {"baseline_name": "Minvalue", "cold_start_invocation_ratio": 0.0, "utilization_ratio": 1.0, "over_provisioned_ratio": 0.0, "cold_start_time_slot_ratio": 0.0, "mae": 0.0, "rmse": 0.0, "mape": 0.0, "selective_asymmetric_mae": 0.0, "selective_asymmetric_mse": 0.0, "train_t": 2.86102294921875e-06, "predict_t": 0.004189968109130859}, "Avgvalue": {"baseline_name": "Avgvalue", "cold_start_invocation_ratio": 0.0, "utilization_ratio": 1.0, "over_provisioned_ratio": 0.0, "cold_start_time_slot_ratio": 0.0, "mae": 0.0, "rmse": 0.0, "mape": 0.0, "selective_asymmetric_mae": 0.0, "selective_asymmetric_mse": 0.0, "train_t": 3.0994415283203125e-06, "predict_t": 0.006899118423461914}, "Quantile": {"baseline_name": "Quantile", "cold_start_invocation_ratio": 0.0, "utilization_ratio": 0.9999999999999997, "over_provisioned_ratio": 6.661338147750939e-16, "cold_start_time_slot_ratio": 0.0, "mae": 8.881784197001253e-17, "rmse": 4.733165431326071e-31, "mape": 1.1563098121742844e-17, "selective_asymmetric_mae": 0.0, "selective_asymmetric_mse": 0.0, "train_t": 0.0006630420684814453, "predict_t": 0.4642198085784912}}