{"dataset_name": "CraneDataset", "function_name": "8", "start_day": 0, "end_day": 4, "Keepalive": {"baseline_name": "Keepalive", "cold_start_invocation_ratio": 0.036633671707195184, "utilization_ratio": 0.9937774841095495, "over_provisioned_ratio": 0.0062614780370328065, "cold_start_time_slot_ratio": 0.9145833333333333, "mae": 0.12980449777034514, "rmse": 0.022889264742023387, "mape": 0.23377852843276242, "selective_asymmetric_mae": 0.32911449670791626, "selective_asymmetric_mse": 0.09795033931732178, "train_t": 3.0994415283203125e-06, "predict_t": 0.007592916488647461}, "Crane": {"baseline_name": "Crane", "cold_start_invocation_ratio": 0.0297617023831123, "utilization_ratio": 0.8867126560615957, "over_provisioned_ratio": 0.12776105445655556, "cold_start_time_slot_ratio": 0.5729166666666666, "mae": 0.476677723726204, "rmse": 1.0088513428979524, "mape": 0.5198351081750868, "selective_asymmetric_mae": 2.3432979583740234, "selective_asymmetric_mse": 5.189924240112305, "train_t": 2.86102294921875e-06, "predict_t": 0.0051348209381103516}, "Icebreaker": {"baseline_name": "Icebreaker", "cold_start_invocation_ratio": 0.09559824905198802, "utilization_ratio": 0.8727018148128365, "over_provisioned_ratio": 0.14586675887051098, "cold_start_time_slot_ratio": 0.41875, "mae": 0.7306943621687659, "rmse": 0.7266884309700065, "mape": 1.0647951708300964, "selective_asymmetric_mae": 2.7445712089538574, "selective_asymmetric_mse": 2.7006096839904785, "train_t": 4.0531158447265625e-06, "predict_t": 0.0068798065185546875}, "SmartPred": {"baseline_name": "SmartPred", "cold_start_invocation_ratio": 0.00104579890947098, "utilization_ratio": 0.9734072937450348, "over_provisioned_ratio": 0.027319197653279087, "cold_start_time_slot_ratio": 0.05625, "mae": 0.08583497563336451, "rmse": 0.012176045327118256, "mape": 0.15348070083118132, "selective_asymmetric_mae": 0.49898120760917664, "selective_asymmetric_mse": 0.07852588593959808, "train_t": 1.2477848529815674, "predict_t": 1.4342420101165771}}