{"dataset_name": "AzureFunction2019", "function_name": "24b667b07c179d44229776d6e4b9cb061632584a8f27b93e9ed051959e1e1a37", "start_day": 0, "end_day": 4, "Crane": {"baseline_name": "Crane", "cold_start_invocation_ratio": 0.4006949636428617, "utilization_ratio": 0.604810818669544, "over_provisioned_ratio": 0.6534095772291317, "cold_start_time_slot_ratio": 0.10902777777777778, "mae": 0.2954471014893577, "rmse": 0.39673515155554784, "mape": 0.9594854708757504, "selective_asymmetric_mae": 1.702471375465393, "selective_asymmetric_mse": 2.5540881156921387, "train_t": 0.0017459392547607422, "predict_t": 0.005722999572753906}, "Icebreaker": {"baseline_name": "Icebreaker", "cold_start_invocation_ratio": 0.711148219879297, "utilization_ratio": 0.5710428123498954, "over_provisioned_ratio": 0.7511821852461565, "cold_start_time_slot_ratio": 0.17916666666666667, "mae": 0.40986568491268877, "rmse": 0.6115987742547577, "mape": 1.059866759180039, "selective_asymmetric_mae": 1.8113387823104858, "selective_asymmetric_mse": 3.1977970600128174, "train_t": 3.0994415283203125e-06, "predict_t": 0.00662684440612793}, "SmartPred": {"baseline_name": "SmartPred", "cold_start_invocation_ratio": 0.35657437901235356, "utilization_ratio": 0.49532340582656403, "over_provisioned_ratio": 1.0188829928827277, "cold_start_time_slot_ratio": 0.08958333333333333, "mae": 0.3855166902254358, "rmse": 0.9225287108478603, "mape": 1.2469423279579386, "selective_asymmetric_mae": 2.9769766330718994, "selective_asymmetric_mse": 8.737667083740234, "train_t": 0.13900399208068848, "predict_t": 0.14425396919250488}, "NHITS": {"baseline_name": "NHITS", "cold_start_invocation_ratio": 0.6041749267694753, "utilization_ratio": 0.6978394992969916, "over_provisioned_ratio": 0.43299426445107636, "cold_start_time_slot_ratio": 0.15625, "mae": 0.2907004186194717, "rmse": 0.4696397231394397, "mape": 0.7314735369442208, "selective_asymmetric_mae": 1.4386125802993774, "selective_asymmetric_mse": 2.6313652992248535, "train_t": 3.3803799152374268, "predict_t": 0.1307079792022705}, "NBEATS": {"baseline_name": "NBEATS", "cold_start_invocation_ratio": 0.6971484432482394, "utilization_ratio": 0.6630575434904138, "over_provisioned_ratio": 0.5081647284123803, "cold_start_time_slot_ratio": 0.16041666666666668, "mae": 0.3378282410770112, "rmse": 0.5572581966616752, "mape": 0.7473172633134983, "selective_asymmetric_mae": 1.5441958904266357, "selective_asymmetric_mse": 2.9907400608062744, "train_t": 3.079329013824463, "predict_t": 0.08917117118835449}, "DLinear": {"baseline_name": "DLinear", "cold_start_invocation_ratio": 0.6282563181651273, "utilization_ratio": 0.6197000051050716, "over_provisioned_ratio": 0.613684027371353, "cold_start_time_slot_ratio": 0.15138888888888888, "mae": 0.3480941985203004, "rmse": 0.5299754774829154, "mape": 0.9145907036961884, "selective_asymmetric_mae": 1.6517837047576904, "selective_asymmetric_mse": 2.925351858139038, "train_t": 1.8958611488342285, "predict_t": 0.14329886436462402}, "Movingavg": {"baseline_name": "Movingavg", "cold_start_invocation_ratio": 0.6944884389200752, "utilization_ratio": 0.5902120408936022, "over_provisioned_ratio": 0.6943063352044885, "cold_start_time_slot_ratio": 0.1798611111111111, "mae": 0.38925493124168115, "rmse": 0.6180713609650357, "mape": 0.9881590223144959, "selective_asymmetric_mae": 1.7773715257644653, "selective_asymmetric_mse": 3.326648712158203, "train_t": 4.0531158447265625e-06, "predict_t": 0.010427236557006836}, "Movingmax": {"baseline_name": "Movingmax", "cold_start_invocation_ratio": 0.1442796043838546, "utilization_ratio": 0.14866623615319657, "over_provisioned_ratio": 5.72647687784015, "cold_start_time_slot_ratio": 0.04861111111111111, "mae": 1.6454705572068844, "rmse": 5.349524817358401, "mape": 6.038698395850738, "selective_asymmetric_mae": 9.449158668518066, "selective_asymmetric_mse": 33.075408935546875, "train_t": 3.0994415283203125e-06, "predict_t": 0.00862884521484375}, "Movingmin": {"baseline_name": "Movingmin", "cold_start_invocation_ratio": 1.0, "utilization_ratio": 1.0, "over_provisioned_ratio": 0.0, "cold_start_time_slot_ratio": 0.21875, "mae": 0.28028254317636675, "rmse": 0.7468381067246412, "mape": 0.5020076493303045, "selective_asymmetric_mae": 1.0282833576202393, "selective_asymmetric_mse": 3.6768696308135986, "train_t": 3.0994415283203125e-06, "predict_t": 0.008660078048706055}, "Maxvalue": {"baseline_name": "Maxvalue", "cold_start_invocation_ratio": 0.2620288692862871, "utilization_ratio": 0.4809719722293649, "over_provisioned_ratio": 1.079123229083133, "cold_start_time_slot_ratio": 0.075, "mae": 0.3759015209173019, "rmse": 1.03194247638547, "mape": 1.3061501749517916, "selective_asymmetric_mae": 3.3172383308410645, "selective_asymmetric_mse": 10.096549034118652, "train_t": 3.0994415283203125e-06, "predict_t": 0.00463104248046875}, "Minvalue": {"baseline_name": "Minvalue", "cold_start_invocation_ratio": 0.7242047580860732, "utilization_ratio": 0.883822573976729, "over_provisioned_ratio": 0.1314488104784817, "cold_start_time_slot_ratio": 0.16597222222222222, "mae": 0.23982475827520716, "rmse": 0.5450661859734747, "mape": 0.43992696741895343, "selective_asymmetric_mae": 1.045253038406372, "selective_asymmetric_mse": 2.8738386631011963, "train_t": 4.601478576660156e-05, "predict_t": 0.004473209381103516}, "Avgvalue": {"baseline_name": "Avgvalue", "cold_start_invocation_ratio": 0.40862514479194506, "utilization_ratio": 0.6645153650304934, "over_provisioned_ratio": 0.504856099082242, "cold_start_time_slot_ratio": 0.125, "mae": 0.25603284617696803, "rmse": 0.5202628992500675, "mape": 0.770249141314554, "selective_asymmetric_mae": 1.7748980522155762, "selective_asymmetric_mse": 3.9603826999664307, "train_t": 4.0531158447265625e-06, "predict_t": 0.007133007049560547}, "Quantile": {"baseline_name": "Quantile", "cold_start_invocation_ratio": 0.6507952407470976, "utilization_ratio": 0.6271978551931894, "over_provisioned_ratio": 0.5943932073746967, "cold_start_time_slot_ratio": 0.14652777777777778, "mae": 0.34900458497340997, "rmse": 0.9014657154078923, "mape": 0.9937625385896073, "selective_asymmetric_mae": 2.152719497680664, "selective_asymmetric_mse": 6.190105438232422, "train_t": 4.0531158447265625e-06, "predict_t": 0.6735928058624268}}