{"dataset_name": "CraneDataset", "function_name": "11", "start_day": 0, "end_day": 4, "Keepalive": {"baseline_name": "Keepalive", "cold_start_invocation_ratio": 0.024849431656973765, "utilization_ratio": 0.9143640829798237, "over_provisioned_ratio": 0.09365625642369968, "cold_start_time_slot_ratio": 0.4284722222222222, "mae": 0.15514053301154354, "rmse": 0.094831690764823, "mape": 6.288645392781833, "selective_asymmetric_mae": 1.193895936012268, "selective_asymmetric_mse": 1.0562385320663452, "train_t": 3.0994415283203125e-06, "predict_t": 0.007883787155151367}, "Crane": {"baseline_name": "Crane", "cold_start_invocation_ratio": 0.10786938012486469, "utilization_ratio": 0.8950553507165012, "over_provisioned_ratio": 0.11724934016593554, "cold_start_time_slot_ratio": 0.5020833333333333, "mae": 0.2947119148661953, "rmse": 0.155815649354537, "mape": 5.136390561854177, "selective_asymmetric_mae": 1.1927731037139893, "selective_asymmetric_mse": 0.7052552103996277, "train_t": 2.86102294921875e-06, "predict_t": 0.00516200065612793}, "Icebreaker": {"baseline_name": "Icebreaker", "cold_start_invocation_ratio": 0.34614131173614715, "utilization_ratio": 0.9019182296835138, "over_provisioned_ratio": 0.10874796305082278, "cold_start_time_slot_ratio": 0.7402777777777778, "mae": 0.5955137318273104, "rmse": 0.6125127661836617, "mape": 24.406379754498843, "selective_asymmetric_mae": 1.545877456665039, "selective_asymmetric_mse": 1.4720600843429565, "train_t": 2.86102294921875e-06, "predict_t": 0.006911039352416992}, "SmartPred": {"baseline_name": "SmartPred", "cold_start_invocation_ratio": 0.012789745765754701, "utilization_ratio": 0.960691619007907, "over_provisioned_ratio": 0.04091675227966198, "cold_start_time_slot_ratio": 0.27152777777777776, "mae": 0.07030932327296627, "rmse": 0.015055349349774873, "mape": 1.5049831453301907, "selective_asymmetric_mae": 0.5729358792304993, "selective_asymmetric_mse": 0.19053450226783752, "train_t": 0.5897667407989502, "predict_t": 0.6387209892272949}}