{"dataset_name": "AzureFunction2019", "function_name": "94a32ea3f04599336f20deb4aa3ebf10722c90ec0a3e0da8834f171b91287487", "start_day": 0, "end_day": 4, "Keepalive": {"baseline_name": "Keepalive", "cold_start_invocation_ratio": 1.0, "utilization_ratio": 0.09090909090909091, "over_provisioned_ratio": 10.0, "cold_start_time_slot_ratio": 0.016666666666666666, "mae": 1.432078020789062, "rmse": 11.186440677966099, "mape": 10.016949152542372, "selective_asymmetric_mae": 9.85638427734375, "selective_asymmetric_mse": 76.99152374267578, "train_t": 8.106231689453125e-06, "predict_t": 0.008484840393066406}, "Crane": {"baseline_name": "Crane", "cold_start_invocation_ratio": 2.7755575615628914e-17, "utilization_ratio": 0.760938490805314, "over_provisioned_ratio": 0.3141666666666619, "cold_start_time_slot_ratio": 0.0020833333333333333, "mae": 0.04090101619980886, "rmse": 0.003194915254237288, "mape": 0.3141666666666669, "selective_asymmetric_mae": 0.1833494007587433, "selective_asymmetric_mse": 0.01432203408330679, "train_t": 4.0531158447265625e-06, "predict_t": 0.005193233489990234}, "Icebreaker": {"baseline_name": "Icebreaker", "cold_start_invocation_ratio": 0.9843271233080849, "utilization_ratio": 0.5197495155870967, "over_provisioned_ratio": 0.9240037171952412, "cold_start_time_slot_ratio": 0.016666666666666666, "mae": 0.24844351391624836, "rmse": 1.0000386696070431, "mape": 0.9406872277597855, "selective_asymmetric_mae": 1.5261402130126953, "selective_asymmetric_mse": 7.661330699920654, "train_t": 3.0994415283203125e-06, "predict_t": 0.006211996078491211}, "SmartPred": {"baseline_name": "SmartPred", "cold_start_invocation_ratio": 0.0, "utilization_ratio": 1.0, "over_provisioned_ratio": 0.0, "cold_start_time_slot_ratio": 0.0, "mae": 0.0, "rmse": 0.0, "mape": 0.0, "selective_asymmetric_mae": 0.0, "selective_asymmetric_mse": 0.0, "train_t": 0.056433916091918945, "predict_t": 0.06338191032409668}}