{"dataset_name": "HuaweiPrivateDataset", "function_name": "28", "start_day": 0, "end_day": 4, "Keepalive": {"baseline_name": "Keepalive", "cold_start_invocation_ratio": 0.023129758773694244, "utilization_ratio": 0.9822158309541513, "over_provisioned_ratio": 0.018106172274350345, "cold_start_time_slot_ratio": 0.5881944444444445, "mae": 0.07605435376174145, "rmse": 0.013991429923733712, "mape": 1.0015804306289353, "selective_asymmetric_mae": 0.3100670278072357, "selective_asymmetric_mse": 0.09682107716798782, "train_t": 3.0994415283203125e-06, "predict_t": 0.009456872940063477}, "Crane": {"baseline_name": "Crane", "cold_start_invocation_ratio": 0.06365130379722893, "utilization_ratio": 0.9938311309123068, "over_provisioned_ratio": 0.006207160246661211, "cold_start_time_slot_ratio": 0.8756944444444444, "mae": 0.12884492244047094, "rmse": 0.029057295772383956, "mape": 0.5262430191088895, "selective_asymmetric_mae": 0.23691388964653015, "selective_asymmetric_mse": 0.07224948704242706, "train_t": 4.76837158203125e-06, "predict_t": 0.006009101867675781}, "Icebreaker": {"baseline_name": "Icebreaker", "cold_start_invocation_ratio": 0.0007066274405226432, "utilization_ratio": 0.7711711054798739, "over_provisioned_ratio": 0.29672908242293683, "cold_start_time_slot_ratio": 0.025, "mae": 0.5485817859423103, "rmse": 0.390039101628772, "mape": 2.680655695618101, "selective_asymmetric_mae": 2.8208651542663574, "selective_asymmetric_mse": 1.9618135690689087, "train_t": 4.0531158447265625e-06, "predict_t": 0.0075130462646484375}, "SmartPred": {"baseline_name": "SmartPred", "cold_start_invocation_ratio": 0.006927083029630782, "utilization_ratio": 0.9443205592331448, "over_provisioned_ratio": 0.05896243624312351, "cold_start_time_slot_ratio": 0.07013888888888889, "mae": 0.12152471596003331, "rmse": 0.023397616285254358, "mape": 0.598905734911653, "selective_asymmetric_mae": 0.6909314393997192, "selective_asymmetric_mse": 0.1649746298789978, "train_t": 1.2674002647399902, "predict_t": 1.2678921222686768}}