{"dataset_name": "CraneDataset", "function_name": "8", "start_day": 0, "end_day": 4, "SmartPred": {"baseline_name": "SmartPred", "cold_start_invocation_ratio": 0.00104579890947098, "utilization_ratio": 0.9734072937450348, "over_provisioned_ratio": 0.027319197653279087, "cold_start_time_slot_ratio": 0.05625, "mae": 0.08583497563336451, "rmse": 0.012176045327118256, "mape": 0.15348070083118132, "selective_asymmetric_mae": 0.49898120760917664, "selective_asymmetric_mse": 0.07852588593959808, "train_t": 1.2395336627960205, "predict_t": 1.2391669750213623}, "NHITS": {"baseline_name": "NHITS", "cold_start_invocation_ratio": 0.00016909603425367917, "utilization_ratio": 0.7511808913490802, "over_provisioned_ratio": 0.33123727123044056, "cold_start_time_slot_ratio": 0.011111111111111112, "mae": 1.0028648301076664, "rmse": 2.0852837560565445, "mape": 1.4775973504919169, "selective_asymmetric_mae": 5.711146354675293, "selective_asymmetric_mse": 11.688104629516602, "train_t": 3.795496940612793, "predict_t": 0.12314581871032715}, "NBEATS": {"baseline_name": "NBEATS", "cold_start_invocation_ratio": 0.015624854836291033, "utilization_ratio": 0.8845950012297527, "over_provisioned_ratio": 0.1304608307867575, "cold_start_time_slot_ratio": 0.3875, "mae": 0.4420681397968064, "rmse": 0.9667388044460531, "mape": 0.45881497422380235, "selective_asymmetric_mae": 2.350712299346924, "selective_asymmetric_mse": 5.038668632507324, "train_t": 3.3474671840667725, "predict_t": 0.09274792671203613}, "PatchTST": {"baseline_name": "PatchTST", "cold_start_invocation_ratio": 0.029632781962944024, "utilization_ratio": 0.8780266462649017, "over_provisioned_ratio": 0.13891759920267585, "cold_start_time_slot_ratio": 0.4548611111111111, "mae": 0.5100482853343462, "rmse": 1.0357467898005435, "mape": 0.5714971926835131, "selective_asymmetric_mae": 2.5640769004821777, "selective_asymmetric_mse": 5.363892078399658, "train_t": 127.40688991546631, "predict_t": 0.16219401359558105}, "DLinear": {"baseline_name": "DLinear", "cold_start_invocation_ratio": 0.001947922885354774, "utilization_ratio": 0.8357416427849985, "over_provisioned_ratio": 0.19654202783007382, "cold_start_time_slot_ratio": 0.07708333333333334, "mae": 0.6006480573842431, "rmse": 1.2339125150842383, "mape": 0.7631479208701941, "selective_asymmetric_mae": 3.4267873764038086, "selective_asymmetric_mse": 6.651798725128174, "train_t": 2.317538022994995, "predict_t": 0.07679295539855957}, "Movingavg": {"baseline_name": "Movingavg", "cold_start_invocation_ratio": 0.018689775470702632, "utilization_ratio": 0.9770666893441918, "over_provisioned_ratio": 0.023471591965949265, "cold_start_time_slot_ratio": 0.4909722222222222, "mae": 0.12758400793698113, "rmse": 0.06670498767813102, "mape": 0.27227233403682805, "selective_asymmetric_mae": 0.6261051893234253, "selective_asymmetric_mse": 0.40509557723999023, "train_t": 6.9141387939453125e-06, "predict_t": 0.010421037673950195}, "Movingmax": {"baseline_name": "Movingmax", "cold_start_invocation_ratio": 0.001107855677316152, "utilization_ratio": 0.9660092928431616, "over_provisioned_ratio": 0.03518672895661115, "cold_start_time_slot_ratio": 0.12222222222222222, "mae": 0.10983060691667489, "rmse": 0.04927540544852897, "mape": 0.20884224999052653, "selective_asymmetric_mae": 0.7523353695869446, "selective_asymmetric_mse": 0.4361591041088104, "train_t": 6.198883056640625e-06, "predict_t": 0.00840902328491211}, "Movingmin": {"baseline_name": "Movingmin", "cold_start_invocation_ratio": 0.03300383131105856, "utilization_ratio": 0.9987073888053704, "over_provisioned_ratio": 0.0012942842008766846, "cold_start_time_slot_ratio": 0.8652777777777778, "mae": 0.10378911567024199, "rmse": 0.04091288717831857, "mape": 0.2131537420958928, "selective_asymmetric_mae": 0.2055094838142395, "selective_asymmetric_mse": 0.08826753497123718, "train_t": 4.0531158447265625e-06, "predict_t": 0.008083820343017578}, "Maxvalue": {"baseline_name": "Maxvalue", "cold_start_invocation_ratio": 0.022071836567413405, "utilization_ratio": 0.8840640405084566, "over_provisioned_ratio": 0.13113977515120223, "cold_start_time_slot_ratio": 0.4847222222222222, "mae": 0.4636318192220813, "rmse": 1.004254896823507, "mape": 0.4999301351163744, "selective_asymmetric_mae": 2.3590080738067627, "selective_asymmetric_mse": 5.183398246765137, "train_t": 2.86102294921875e-06, "predict_t": 0.0036301612854003906}, "Minvalue": {"baseline_name": "Minvalue", "cold_start_invocation_ratio": 0.22262660272580564, "utilization_ratio": 0.9967126171612302, "over_provisioned_ratio": 0.0032982253682437702, "cold_start_time_slot_ratio": 0.86875, "mae": 0.6836684105187384, "rmse": 1.0417250856716735, "mape": 1.3310456231591874, "selective_asymmetric_mae": 1.015275239944458, "selective_asymmetric_mse": 1.5500513315200806, "train_t": 5.9604644775390625e-06, "predict_t": 0.003406047821044922}, "Avgvalue": {"baseline_name": "Avgvalue", "cold_start_invocation_ratio": 0.11136123347170544, "utilization_ratio": 0.9555503824770413, "over_provisioned_ratio": 0.04651729342385202, "cold_start_time_slot_ratio": 0.7708333333333334, "mae": 0.47775431522202216, "rmse": 0.423671303610527, "mape": 0.7443591022807823, "selective_asymmetric_mae": 1.2158547639846802, "selective_asymmetric_mse": 1.0883029699325562, "train_t": 3.814697265625e-06, "predict_t": 0.006575107574462891}, "Quantile": {"baseline_name": "Quantile", "cold_start_invocation_ratio": 0.02170362397297063, "utilization_ratio": 0.8010606120590569, "over_provisioned_ratio": 0.24834498781507472, "cold_start_time_slot_ratio": 0.37916666666666665, "mae": 0.8171908627371777, "rmse": 2.511705395128284, "mape": 0.9976206697760902, "selective_asymmetric_mae": 4.487244129180908, "selective_asymmetric_mse": 13.833091735839844, "train_t": 6.198883056640625e-06, "predict_t": 1.3545231819152832}}