{"dataset_name": "CraneDataset", "function_name": "8", "start_day": 0, "end_day": 4, "Keepalive": {"baseline_name": "Keepalive", "cold_start_invocation_ratio": 0.0013103981004839308, "utilization_ratio": 0.9785011105390186, "over_provisioned_ratio": 0.02197124686873413, "cold_start_time_slot_ratio": 0.15694444444444444, "mae": 0.070452306391668, "rmse": 0.015375693658938282, "mape": 0.14780392719498844, "selective_asymmetric_mae": 0.491305410861969, "selective_asymmetric_mse": 0.1509069800376892, "train_t": 4.0531158447265625e-06, "predict_t": 0.007821083068847656}, "Crane": {"baseline_name": "Crane", "cold_start_invocation_ratio": 0.04325540613885297, "utilization_ratio": 0.8934197011873445, "over_provisioned_ratio": 0.11929477117082744, "cold_start_time_slot_ratio": 0.6972222222222222, "mae": 0.4918911404663599, "rmse": 0.9707067146030149, "mape": 0.545027634922745, "selective_asymmetric_mae": 2.2403674125671387, "selective_asymmetric_mse": 4.907714366912842, "train_t": 2.86102294921875e-06, "predict_t": 0.00590205192565918}, "Icebreaker": {"baseline_name": "Icebreaker", "cold_start_invocation_ratio": 0.09559824905198802, "utilization_ratio": 0.8727018148128365, "over_provisioned_ratio": 0.14586675887051098, "cold_start_time_slot_ratio": 0.41875, "mae": 0.7306943621687659, "rmse": 0.7266884309700065, "mape": 1.0647951708300964, "selective_asymmetric_mae": 2.7445712089538574, "selective_asymmetric_mse": 2.7006096839904785, "train_t": 1.9073486328125e-06, "predict_t": 0.007460117340087891}, "SmartPred": {"baseline_name": "SmartPred", "cold_start_invocation_ratio": 0.006056265429988584, "utilization_ratio": 0.9880667516985852, "over_provisioned_ratio": 0.012077370563174891, "cold_start_time_slot_ratio": 0.45625, "mae": 0.05487397822080271, "rmse": 0.010401454059956763, "mape": 0.10786907295136565, "selective_asymmetric_mae": 0.33753302693367004, "selective_asymmetric_mse": 0.08845900744199753, "train_t": 1.163909912109375, "predict_t": 1.1780390739440918}, "NHITS": {"baseline_name": "NHITS", "cold_start_invocation_ratio": 0.00016909603425367917, "utilization_ratio": 0.7511808913490802, "over_provisioned_ratio": 0.33123727123044056, "cold_start_time_slot_ratio": 0.011111111111111112, "mae": 1.0028648301076664, "rmse": 2.0852837560565445, "mape": 1.4775973504919169, "selective_asymmetric_mae": 5.711146354675293, "selective_asymmetric_mse": 11.688104629516602, "train_t": 3.7821009159088135, "predict_t": 0.13547706604003906}, "NBEATS": {"baseline_name": "NBEATS", "cold_start_invocation_ratio": 0.015624854836291033, "utilization_ratio": 0.8845950012297527, "over_provisioned_ratio": 0.1304608307867575, "cold_start_time_slot_ratio": 0.3875, "mae": 0.4420681397968064, "rmse": 0.9667388044460531, "mape": 0.45881497422380235, "selective_asymmetric_mae": 2.350712299346924, "selective_asymmetric_mse": 5.038668632507324, "train_t": 3.341320037841797, "predict_t": 0.08745813369750977}, "PatchTST": {"baseline_name": "PatchTST", "cold_start_invocation_ratio": 0.029632781962944024, "utilization_ratio": 0.8780266462649017, "over_provisioned_ratio": 0.13891759920267585, "cold_start_time_slot_ratio": 0.4548611111111111, "mae": 0.5100482853343462, "rmse": 1.0357467898005435, "mape": 0.5714971926835131, "selective_asymmetric_mae": 2.5640769004821777, "selective_asymmetric_mse": 5.363892078399658, "train_t": 120.79917812347412, "predict_t": 0.18335795402526855}, "DLinear": {"baseline_name": "DLinear", "cold_start_invocation_ratio": 0.001947922885354774, "utilization_ratio": 0.8357416427849985, "over_provisioned_ratio": 0.19654202783007382, "cold_start_time_slot_ratio": 0.07708333333333334, "mae": 0.6006480573842431, "rmse": 1.2339125150842383, "mape": 0.7631479208701941, "selective_asymmetric_mae": 3.4267873764038086, "selective_asymmetric_mse": 6.651798725128174, "train_t": 2.3217756748199463, "predict_t": 0.0800468921661377}}