{"dataset_name": "HuaweiPrivateDataset", "function_name": "28", "start_day": 0, "end_day": 4, "OpenFaaS": {"baseline_name": "OpenFaaS", "cold_start_invocation_ratio": 0.023129758773694244, "utilization_ratio": 0.9822158309541513, "over_provisioned_ratio": 0.018106172274350345, "cold_start_time_slot_ratio": 0.5881944444444445, "mae": 0.07605435376174145, "rmse": 0.013991429923733712, "mape": 1.0015804306289353, "selective_asymmetric_mae": 0.3100670278072357, "selective_asymmetric_mse": 0.09682107716798782, "train_t": 4.291534423828125e-06, "predict_t": 0.009583234786987305}, "Crane": {"baseline_name": "Crane", "cold_start_invocation_ratio": 0.02354426603773009, "utilization_ratio": 0.9845346099224902, "over_provisioned_ratio": 0.015708325458185235, "cold_start_time_slot_ratio": 0.5555555555555556, "mae": 0.07239633988662017, "rmse": 0.01874117704228656, "mape": 0.2871307777653056, "selective_asymmetric_mae": 0.2284785658121109, "selective_asymmetric_mse": 0.06583086401224136, "train_t": 2.6226043701171875e-06, "predict_t": 0.0062639713287353516}, "Icebreaker": {"baseline_name": "Icebreaker", "cold_start_invocation_ratio": 0.0007066274405226432, "utilization_ratio": 0.7711711054798739, "over_provisioned_ratio": 0.29672908242293683, "cold_start_time_slot_ratio": 0.025, "mae": 0.5485817859423103, "rmse": 0.390039101628772, "mape": 2.680655695618101, "selective_asymmetric_mae": 2.8208651542663574, "selective_asymmetric_mse": 1.9618135690689087, "train_t": 2.86102294921875e-06, "predict_t": 0.008530378341674805}, "Histogram": {"baseline_name": "Histogram", "cold_start_invocation_ratio": 0.05194583068444878, "utilization_ratio": 0.9979649451276733, "over_provisioned_ratio": 0.002039204765920955, "cold_start_time_slot_ratio": 0.8708333333333333, "mae": 0.09956843169610616, "rmse": 0.01680090799642867, "mape": 0.364376251925907, "selective_asymmetric_mae": 0.19363097846508026, "selective_asymmetric_mse": 0.046231623739004135, "train_t": 3.0994415283203125e-06, "predict_t": 0.011142969131469727}, "SmartPred": {"baseline_name": "SmartPred", "cold_start_invocation_ratio": 0.015997674537113236, "utilization_ratio": 0.9877172764085894, "over_provisioned_ratio": 0.01243546497037234, "cold_start_time_slot_ratio": 0.44166666666666665, "mae": 0.05244125682865596, "rmse": 0.009632669961340792, "mape": 0.2735932657745897, "selective_asymmetric_mae": 0.26820215582847595, "selective_asymmetric_mse": 0.05475436896085739, "train_t": 1.257551908493042, "predict_t": 1.2964251041412354}, "NHITS": {"baseline_name": "NHITS", "cold_start_invocation_ratio": 0.045105132365060176, "utilization_ratio": 0.97486419952268, "over_provisioned_ratio": 0.02578389942889191, "cold_start_time_slot_ratio": 0.5520833333333334, "mae": 0.13074567167170173, "rmse": 0.030413126551207727, "mape": 0.8212962812082208, "selective_asymmetric_mae": 0.38159337639808655, "selective_asymmetric_mse": 0.09953784197568893, "train_t": 3.6589109897613525, "predict_t": 0.13321805000305176}, "NBEATS": {"baseline_name": "NBEATS", "cold_start_invocation_ratio": 0.06093648178316827, "utilization_ratio": 0.9700799009073513, "over_provisioned_ratio": 0.030842922386767602, "cold_start_time_slot_ratio": 0.5770833333333333, "mae": 0.1692752678398213, "rmse": 0.04694859185543232, "mape": 0.7091700547068882, "selective_asymmetric_mae": 0.460931658744812, "selective_asymmetric_mse": 0.13045911490917206, "train_t": 3.5832860469818115, "predict_t": 0.0925290584564209}, "PatchTST": {"baseline_name": "PatchTST", "cold_start_invocation_ratio": 0.058972464691271, "utilization_ratio": 0.9855180436755383, "over_provisioned_ratio": 0.014694765273348585, "cold_start_time_slot_ratio": 0.6833333333333333, "mae": 0.1358696997007036, "rmse": 0.03343396242089381, "mape": 0.7328705816051811, "selective_asymmetric_mae": 0.3117598593235016, "selective_asymmetric_mse": 0.0837697684764862, "train_t": 139.15932893753052, "predict_t": 0.16490912437438965}, "DLinear": {"baseline_name": "DLinear", "cold_start_invocation_ratio": 0.09713633309257128, "utilization_ratio": 0.9619200151897391, "over_provisioned_ratio": 0.03958747526710898, "cold_start_time_slot_ratio": 0.5944444444444444, "mae": 0.25216942177258683, "rmse": 0.10365147598355173, "mape": 0.8224868813913359, "selective_asymmetric_mae": 0.633016049861908, "selective_asymmetric_mse": 0.2360880970954895, "train_t": 2.237833023071289, "predict_t": 0.16863417625427246}}