{"dataset_name": "CraneDataset", "function_name": "9", "start_day": 0, "end_day": 4, "Crane": {"baseline_name": "Crane", "cold_start_invocation_ratio": 0.01123973111818067, "utilization_ratio": 0.9903141859493422, "over_provisioned_ratio": 0.009780546606401878, "cold_start_time_slot_ratio": 0.4840277777777778, "mae": 0.040409510323010246, "rmse": 0.00416425254607772, "mape": 0.14662580311985088, "selective_asymmetric_mae": 0.16070279479026794, "selective_asymmetric_mse": 0.02013351209461689, "train_t": 5.0067901611328125e-06, "predict_t": 0.005335807800292969}, "Icebreaker": {"baseline_name": "Icebreaker", "cold_start_invocation_ratio": 0.20625513562891387, "utilization_ratio": 0.9988714950212062, "over_provisioned_ratio": 0.0011297799410823607, "cold_start_time_slot_ratio": 0.9729166666666667, "mae": 0.39867802872850905, "rmse": 0.2154785566184392, "mape": 1.1587776126308647, "selective_asymmetric_mae": 0.6184471249580383, "selective_asymmetric_mse": 0.3557242155075073, "train_t": 3.0994415283203125e-06, "predict_t": 0.0069370269775390625}, "SmartPred": {"baseline_name": "SmartPred", "cold_start_invocation_ratio": 0.0013830147551207154, "utilization_ratio": 0.9588271649299543, "over_provisioned_ratio": 0.04294083081495948, "cold_start_time_slot_ratio": 0.08611111111111111, "mae": 0.08520843152443347, "rmse": 0.014876502134439123, "mape": 0.42213806074957366, "selective_asymmetric_mae": 0.558285117149353, "selective_asymmetric_mse": 0.11844544112682343, "train_t": 1.2340779304504395, "predict_t": 1.24648118019104}, "NHITS": {"baseline_name": "NHITS", "cold_start_invocation_ratio": 0.038517948313210724, "utilization_ratio": 0.9861205574352377, "over_provisioned_ratio": 0.014074792843645824, "cold_start_time_slot_ratio": 0.6479166666666667, "mae": 0.10110460692001173, "rmse": 0.01753760473802061, "mape": 0.38563853234016904, "selective_asymmetric_mae": 0.28067436814308167, "selective_asymmetric_mse": 0.05509437993168831, "train_t": 3.7511091232299805, "predict_t": 0.1304938793182373}, "NBEATS": {"baseline_name": "NBEATS", "cold_start_invocation_ratio": 0.11061481570715669, "utilization_ratio": 0.9351648489597807, "over_provisioned_ratio": 0.06933018399091616, "cold_start_time_slot_ratio": 0.49930555555555556, "mae": 0.34592736680969577, "rmse": 0.1911114394262208, "mape": 0.925341890288117, "selective_asymmetric_mae": 0.9460678100585938, "selective_asymmetric_mse": 0.44366705417633057, "train_t": 3.313774824142456, "predict_t": 0.08997011184692383}, "DLinear": {"baseline_name": "DLinear", "cold_start_invocation_ratio": 0.07061734399904875, "utilization_ratio": 0.9515671411581638, "over_provisioned_ratio": 0.05089799421077918, "cold_start_time_slot_ratio": 0.5201388888888889, "mae": 0.23360182858343434, "rmse": 0.0927417070540547, "mape": 0.7947933509788192, "selective_asymmetric_mae": 0.6763461828231812, "selective_asymmetric_mse": 0.2448112666606903, "train_t": 2.0833630561828613, "predict_t": 0.07061982154846191}, "Movingavg": {"baseline_name": "Movingavg", "cold_start_invocation_ratio": 0.031509650055251213, "utilization_ratio": 0.9694688156705399, "over_provisioned_ratio": 0.03149269356162092, "cold_start_time_slot_ratio": 0.5611111111111111, "mae": 0.12111609028754577, "rmse": 0.024397105990032975, "mape": 0.5630111494721401, "selective_asymmetric_mae": 0.42326584458351135, "selective_asymmetric_mse": 0.10008011013269424, "train_t": 5.245208740234375e-06, "predict_t": 0.010500907897949219}, "Movingmax": {"baseline_name": "Movingmax", "cold_start_invocation_ratio": 0.0018926796613230497, "utilization_ratio": 0.9485616182921485, "over_provisioned_ratio": 0.054227770464145876, "cold_start_time_slot_ratio": 0.12777777777777777, "mae": 0.10788629619412667, "rmse": 0.025020431266117745, "mape": 0.5801199271092494, "selective_asymmetric_mae": 0.6454697847366333, "selective_asymmetric_mse": 0.1673154979944229, "train_t": 2.86102294921875e-06, "predict_t": 0.00820612907409668}, "Movingmin": {"baseline_name": "Movingmin", "cold_start_invocation_ratio": 0.04516610758050574, "utilization_ratio": 0.9984066564876574, "over_provisioned_ratio": 0.0015958863074368903, "cold_start_time_slot_ratio": 0.8416666666666667, "mae": 0.08989554274677809, "rmse": 0.01523153557883233, "mape": 0.32241247094910164, "selective_asymmetric_mae": 0.19176433980464935, "selective_asymmetric_mse": 0.04083720222115517, "train_t": 3.0994415283203125e-06, "predict_t": 0.007921934127807617}, "Maxvalue": {"baseline_name": "Maxvalue", "cold_start_invocation_ratio": 0.0032877062559734374, "utilization_ratio": 0.8843482911461035, "over_provisioned_ratio": 0.13077619984317854, "cold_start_time_slot_ratio": 0.10277777777777777, "mae": 0.25772527216047286, "rmse": 0.10033690101455923, "mape": 0.7680083173297754, "selective_asymmetric_mae": 1.3122940063476562, "selective_asymmetric_mse": 0.5400314927101135, "train_t": 3.0994415283203125e-06, "predict_t": 0.0037949085235595703}, "Minvalue": {"baseline_name": "Minvalue", "cold_start_invocation_ratio": 0.021784372574573538, "utilization_ratio": 0.9941180657929767, "over_provisioned_ratio": 0.0059167360592441666, "cold_start_time_slot_ratio": 0.6854166666666667, "mae": 0.053252780480059644, "rmse": 0.006875999929404806, "mape": 0.2034152362419251, "selective_asymmetric_mae": 0.15653559565544128, "selective_asymmetric_mse": 0.02478831820189953, "train_t": 3.0994415283203125e-06, "predict_t": 0.003512144088745117}, "Avgvalue": {"baseline_name": "Avgvalue", "cold_start_invocation_ratio": 0.006118242379483043, "utilization_ratio": 0.9556136468825537, "over_provisioned_ratio": 0.04644801093228849, "cold_start_time_slot_ratio": 0.17708333333333334, "mae": 0.10105368652479044, "rmse": 0.015999685807756493, "mape": 0.3262800179448725, "selective_asymmetric_mae": 0.49274787306785583, "selective_asymmetric_mse": 0.08722398430109024, "train_t": 2.86102294921875e-06, "predict_t": 0.006804943084716797}, "Quantile": {"baseline_name": "Quantile", "cold_start_invocation_ratio": 0.06826322674966741, "utilization_ratio": 0.9953706072550584, "over_provisioned_ratio": 0.004650923697362594, "cold_start_time_slot_ratio": 0.8361111111111111, "mae": 0.14017060829491476, "rmse": 0.03152070927497829, "mape": 0.4202284359784209, "selective_asymmetric_mae": 0.2473512589931488, "selective_asymmetric_mse": 0.06181827187538147, "train_t": 9.059906005859375e-06, "predict_t": 1.2663390636444092}}