{"dataset_name": "AzureFunction2019", "function_name": "94a32ea3f04599336f20deb4aa3ebf10722c90ec0a3e0da8834f171b91287487", "start_day": 0, "end_day": 4, "SmartPred": {"baseline_name": "SmartPred", "cold_start_invocation_ratio": 0.0, "utilization_ratio": 1.0, "over_provisioned_ratio": 0.0, "cold_start_time_slot_ratio": 0.0, "mae": 0.0, "rmse": 0.0, "mape": 0.0, "selective_asymmetric_mae": 0.0, "selective_asymmetric_mse": 0.0, "train_t": 0.057958126068115234, "predict_t": 0.0566561222076416}, "NHITS": {"baseline_name": "NHITS", "cold_start_invocation_ratio": 0.0034610554575920105, "utilization_ratio": 0.8958755882778373, "over_provisioned_ratio": 0.11622641925350763, "cold_start_time_slot_ratio": 0.011111111111111112, "mae": 0.01558198199068296, "rmse": 0.0007546661950375116, "mape": 0.11462492617271383, "selective_asymmetric_mae": 0.07729288190603256, "selective_asymmetric_mse": 0.0037519200704991817, "train_t": 3.350454807281494, "predict_t": 0.1251232624053955}, "NBEATS": {"baseline_name": "NBEATS", "cold_start_invocation_ratio": 0.8695771048466364, "utilization_ratio": 0.4326620955431766, "over_provisioned_ratio": 1.3112724925546597, "cold_start_time_slot_ratio": 0.016666666666666666, "mae": 0.2839224340986429, "rmse": 0.8364528685740604, "mape": 1.32601108755206, "selective_asymmetric_mae": 1.581234097480774, "selective_asymmetric_mse": 6.203144550323486, "train_t": 3.1142029762268066, "predict_t": 0.08892083168029785}, "PatchTST": {"baseline_name": "PatchTST", "cold_start_invocation_ratio": 0.0, "utilization_ratio": 0.7730658175503122, "over_provisioned_ratio": 0.2935509206302716, "cold_start_time_slot_ratio": 0.0, "mae": 0.03821707467427333, "rmse": 0.0025052760350768293, "mape": 0.28052437552189674, "selective_asymmetric_mae": 0.2058641016483307, "selective_asymmetric_mse": 0.015676267445087433, "train_t": 119.990483045578, "predict_t": 0.44129204750061035}, "DLinear": {"baseline_name": "DLinear", "cold_start_invocation_ratio": 0.4983590953052044, "utilization_ratio": 0.6576630588585364, "over_provisioned_ratio": 0.5205354573748385, "cold_start_time_slot_ratio": 0.016666666666666666, "mae": 0.13264877221770846, "rmse": 0.2775341248139993, "mape": 0.5289822217020453, "selective_asymmetric_mae": 0.9704201817512512, "selective_asymmetric_mse": 2.1927075386047363, "train_t": 2.1772959232330322, "predict_t": 0.08381271362304688}, "Movingavg": {"baseline_name": "Movingavg", "cold_start_invocation_ratio": 1.0, "utilization_ratio": 0.5000000000000087, "over_provisioned_ratio": 0.9999999999999877, "cold_start_time_slot_ratio": 0.016666666666666666, "mae": 0.26037782196164766, "rmse": 1.0423728813559319, "mape": 1.0169491525423728, "selective_asymmetric_mae": 1.615427851676941, "selective_asymmetric_mse": 7.958475112915039, "train_t": 4.76837158203125e-06, "predict_t": 0.01208806037902832}, "Movingmax": {"baseline_name": "Movingmax", "cold_start_invocation_ratio": 1.0, "utilization_ratio": 0.047619047619047616, "over_provisioned_ratio": 20.0, "cold_start_time_slot_ratio": 0.016666666666666666, "mae": 2.733967130597301, "rmse": 21.355932203389823, "mape": 20.01694915254237, "selective_asymmetric_mae": 15.063942909240723, "selective_asymmetric_mse": 117.66948699951172, "train_t": 5.0067901611328125e-06, "predict_t": 0.01065206527709961}, "Movingmin": {"baseline_name": "Movingmin", "cold_start_invocation_ratio": 1.0, "utilization_ratio": 1.0, "over_provisioned_ratio": 0.0, "cold_start_time_slot_ratio": 0.016666666666666666, "mae": 0.13018891098082383, "rmse": 1.0169491525423726, "mape": 0.01694915254237288, "selective_asymmetric_mae": 1.0035395622253418, "selective_asymmetric_mse": 7.838982582092285, "train_t": 2.86102294921875e-06, "predict_t": 0.009102106094360352}, "Maxvalue": {"baseline_name": "Maxvalue", "cold_start_invocation_ratio": 0.0, "utilization_ratio": 1.0, "over_provisioned_ratio": 0.0, "cold_start_time_slot_ratio": 0.0, "mae": 0.0, "rmse": 0.0, "mape": 0.0, "selective_asymmetric_mae": 0.0, "selective_asymmetric_mse": 0.0, "train_t": 2.86102294921875e-06, "predict_t": 0.004569292068481445}, "Minvalue": {"baseline_name": "Minvalue", "cold_start_invocation_ratio": 0.0, "utilization_ratio": 1.0, "over_provisioned_ratio": 0.0, "cold_start_time_slot_ratio": 0.0, "mae": 0.0, "rmse": 0.0, "mape": 0.0, "selective_asymmetric_mae": 0.0, "selective_asymmetric_mse": 0.0, "train_t": 5.0067901611328125e-06, "predict_t": 0.004809856414794922}, "Avgvalue": {"baseline_name": "Avgvalue", "cold_start_invocation_ratio": 0.0, "utilization_ratio": 1.0, "over_provisioned_ratio": 0.0, "cold_start_time_slot_ratio": 0.0, "mae": 0.0, "rmse": 0.0, "mape": 0.0, "selective_asymmetric_mae": 0.0, "selective_asymmetric_mse": 0.0, "train_t": 5.0067901611328125e-06, "predict_t": 0.008023738861083984}, "Quantile": {"baseline_name": "Quantile", "cold_start_invocation_ratio": 0.0, "utilization_ratio": 0.9999999999999997, "over_provisioned_ratio": 6.661338147750939e-16, "cold_start_time_slot_ratio": 0.0, "mae": 8.881784197001253e-17, "rmse": 4.733165431326071e-31, "mape": 1.1563098121742844e-17, "selective_asymmetric_mae": 0.0, "selective_asymmetric_mse": 0.0, "train_t": 4.0531158447265625e-06, "predict_t": 0.4878499507904053}}