{"dataset_name": "AzureFunction2019", "function_name": "4be8e60df29812b4e9cc904e88eb9999893bfe2c56055aed62d400d4c03fdea9", "start_day": 0, "end_day": 4, "Keepalive": {"baseline_name": "Keepalive", "cold_start_invocation_ratio": 0.11329305135951662, "utilization_ratio": 0.41609050911376494, "over_provisioned_ratio": 1.403323262839879, "cold_start_time_slot_ratio": 0.024305555555555556, "mae": 0.21808228855864403, "rmse": 0.793965699136503, "mape": 1.0926427012116278, "selective_asymmetric_mae": 1.711424708366394, "selective_asymmetric_mse": 7.024552345275879, "train_t": 0.0016391277313232422, "predict_t": 0.010404825210571289}, "Crane": {"baseline_name": "Crane", "cold_start_invocation_ratio": 0.6784962272660375, "utilization_ratio": 0.48061676824267047, "over_provisioned_ratio": 1.0806598231193696, "cold_start_time_slot_ratio": 0.07361111111111111, "mae": 0.25295836119391585, "rmse": 0.58824332597595, "mape": 0.9453414854372244, "selective_asymmetric_mae": 1.1721354722976685, "selective_asymmetric_mse": 2.9085237979888916, "train_t": 4.76837158203125e-06, "predict_t": 0.0069158077239990234}, "Icebreaker": {"baseline_name": "Icebreaker", "cold_start_invocation_ratio": 0.9695158078120901, "utilization_ratio": 0.6902907781690162, "over_provisioned_ratio": 0.448664869393855, "cold_start_time_slot_ratio": 0.08472222222222223, "mae": 0.20392770721181736, "rmse": 0.9383640018669672, "mape": 0.5066472788390514, "selective_asymmetric_mae": 0.9096978902816772, "selective_asymmetric_mse": 4.582069396972656, "train_t": 4.0531158447265625e-06, "predict_t": 0.014951229095458984}, "SmartPred": {"baseline_name": "SmartPred", "cold_start_invocation_ratio": 0.22154635430513603, "utilization_ratio": 0.7839059250527942, "over_provisioned_ratio": 0.2756632754531727, "cold_start_time_slot_ratio": 0.06388888888888888, "mae": 0.07149640481635477, "rmse": 0.0561851413019612, "mape": 0.2870904566457534, "selective_asymmetric_mae": 0.5336460471153259, "selective_asymmetric_mse": 0.5199155211448669, "train_t": 0.08565378189086914, "predict_t": 0.0915079116821289}}