{"dataset_name": "CraneDataset", "function_name": "9", "start_day": 0, "end_day": 4, "OpenFaaS": {"baseline_name": "OpenFaaS", "cold_start_invocation_ratio": 0.03021977083776295, "utilization_ratio": 0.9901874361855049, "over_provisioned_ratio": 0.009909804402588379, "cold_start_time_slot_ratio": 0.6659722222222222, "mae": 0.07714534061729178, "rmse": 0.009290789059266936, "mape": 0.2566623553955154, "selective_asymmetric_mae": 0.25686606764793396, "selective_asymmetric_mse": 0.04527962952852249, "train_t": 3.0994415283203125e-06, "predict_t": 0.007821083068847656}, "Crane": {"baseline_name": "Crane", "cold_start_invocation_ratio": 0.02474145266022555, "utilization_ratio": 0.9966994776820169, "over_provisioned_ratio": 0.0033114518386823132, "cold_start_time_slot_ratio": 0.7680555555555556, "mae": 0.05392907500043744, "rmse": 0.006139687215204496, "mape": 0.1958305671699918, "selective_asymmetric_mae": 0.13884730637073517, "selective_asymmetric_mse": 0.02151581645011902, "train_t": 2.09808349609375e-05, "predict_t": 0.0051157474517822266}, "Icebreaker": {"baseline_name": "Icebreaker", "cold_start_invocation_ratio": 0.20625513562891387, "utilization_ratio": 0.9988714950212062, "over_provisioned_ratio": 0.0011297799410823607, "cold_start_time_slot_ratio": 0.9729166666666667, "mae": 0.39867802872850905, "rmse": 0.2154785566184392, "mape": 1.1587776126308647, "selective_asymmetric_mae": 0.6184471249580383, "selective_asymmetric_mse": 0.3557242155075073, "train_t": 2.86102294921875e-06, "predict_t": 0.0075719356536865234}, "Histogram": {"baseline_name": "Histogram", "cold_start_invocation_ratio": 0.011580673567559823, "utilization_ratio": 0.9885936693212405, "over_provisioned_ratio": 0.011537936194341786, "cold_start_time_slot_ratio": 0.5118055555555555, "mae": 0.04444335665150021, "rmse": 0.003882813155359108, "mape": 0.20616085672634873, "selective_asymmetric_mae": 0.20642505586147308, "selective_asymmetric_mse": 0.028856059536337852, "train_t": 3.814697265625e-06, "predict_t": 0.010220050811767578}, "SmartPred": {"baseline_name": "SmartPred", "cold_start_invocation_ratio": 0.0067101408183599465, "utilization_ratio": 0.9894450816867809, "over_provisioned_ratio": 0.010667513041983264, "cold_start_time_slot_ratio": 0.39861111111111114, "mae": 0.03340690795145917, "rmse": 0.002833368528362341, "mape": 0.17086529343466966, "selective_asymmetric_mae": 0.2305103987455368, "selective_asymmetric_mse": 0.03282664716243744, "train_t": 1.2477381229400635, "predict_t": 1.2399849891662598}, "NHITS": {"baseline_name": "NHITS", "cold_start_invocation_ratio": 0.038517948313210724, "utilization_ratio": 0.9861205574352377, "over_provisioned_ratio": 0.014074792843645824, "cold_start_time_slot_ratio": 0.6479166666666667, "mae": 0.10110460692001173, "rmse": 0.01753760473802061, "mape": 0.38563853234016904, "selective_asymmetric_mae": 0.28067436814308167, "selective_asymmetric_mse": 0.05509437993168831, "train_t": 3.9072749614715576, "predict_t": 0.1304018497467041}, "NBEATS": {"baseline_name": "NBEATS", "cold_start_invocation_ratio": 0.11061481570715669, "utilization_ratio": 0.9351648489597807, "over_provisioned_ratio": 0.06933018399091616, "cold_start_time_slot_ratio": 0.49930555555555556, "mae": 0.34592736680969577, "rmse": 0.1911114394262208, "mape": 0.925341890288117, "selective_asymmetric_mae": 0.9460678100585938, "selective_asymmetric_mse": 0.44366705417633057, "train_t": 3.492727756500244, "predict_t": 0.08809089660644531}, "PatchTST": {"baseline_name": "PatchTST", "cold_start_invocation_ratio": 0.01306667765665783, "utilization_ratio": 0.9596051604422717, "over_provisioned_ratio": 0.04209527128752654, "cold_start_time_slot_ratio": 0.3277777777777778, "mae": 0.10604366766717636, "rmse": 0.018901068898570884, "mape": 0.43749310314384654, "selective_asymmetric_mae": 0.4559271037578583, "selective_asymmetric_mse": 0.08929400891065598, "train_t": 125.44239902496338, "predict_t": 0.17146706581115723}, "DLinear": {"baseline_name": "DLinear", "cold_start_invocation_ratio": 0.07061734399904875, "utilization_ratio": 0.9515671411581638, "over_provisioned_ratio": 0.05089799421077918, "cold_start_time_slot_ratio": 0.5201388888888889, "mae": 0.23360182858343434, "rmse": 0.0927417070540547, "mape": 0.7947933509788192, "selective_asymmetric_mae": 0.6763461828231812, "selective_asymmetric_mse": 0.2448112666606903, "train_t": 2.36606502532959, "predict_t": 0.07563328742980957}}