{"dataset_name": "AzureFunction2019", "function_name": "94a32ea3f04599336f20deb4aa3ebf10722c90ec0a3e0da8834f171b91287487", "start_day": 0, "end_day": 4, "OpenFaaS": {"baseline_name": "OpenFaaS", "cold_start_invocation_ratio": 1.0, "utilization_ratio": 0.09090909090909091, "over_provisioned_ratio": 10.0, "cold_start_time_slot_ratio": 0.016666666666666666, "mae": 1.432078020789062, "rmse": 11.186440677966099, "mape": 10.016949152542372, "selective_asymmetric_mae": 9.85638427734375, "selective_asymmetric_mse": 76.99152374267578, "train_t": 1.8835067749023438e-05, "predict_t": 0.009309768676757812}, "Crane": {"baseline_name": "Crane", "cold_start_invocation_ratio": 2.7755575615628914e-17, "utilization_ratio": 0.760938490805314, "over_provisioned_ratio": 0.3141666666666619, "cold_start_time_slot_ratio": 0.0020833333333333333, "mae": 0.04090101619980886, "rmse": 0.003194915254237288, "mape": 0.3141666666666669, "selective_asymmetric_mae": 0.1833494007587433, "selective_asymmetric_mse": 0.01432203408330679, "train_t": 3.0994415283203125e-06, "predict_t": 0.0054280757904052734}, "Icebreaker": {"baseline_name": "Icebreaker", "cold_start_invocation_ratio": 0.9843271233080849, "utilization_ratio": 0.5197495155870967, "over_provisioned_ratio": 0.9240037171952412, "cold_start_time_slot_ratio": 0.016666666666666666, "mae": 0.24844351391624836, "rmse": 1.0000386696070431, "mape": 0.9406872277597855, "selective_asymmetric_mae": 1.5261402130126953, "selective_asymmetric_mse": 7.661330699920654, "train_t": 3.0994415283203125e-06, "predict_t": 0.011563777923583984}, "Histogram": {"baseline_name": "Histogram", "cold_start_invocation_ratio": 1.0, "utilization_ratio": 0.49999999999999784, "over_provisioned_ratio": 1.0000000000000029, "cold_start_time_slot_ratio": 0.016666666666666666, "mae": 0.2603778219616477, "rmse": 1.1186440677966099, "mape": 1.0169491525423728, "selective_asymmetric_mae": 1.8888241052627563, "selective_asymmetric_mse": 8.53050708770752, "train_t": 2.86102294921875e-06, "predict_t": 0.010013341903686523}, "SmartPred": {"baseline_name": "SmartPred", "cold_start_invocation_ratio": 0.0, "utilization_ratio": 1.0, "over_provisioned_ratio": 0.0, "cold_start_time_slot_ratio": 0.0, "mae": 0.0, "rmse": 0.0, "mape": 0.0, "selective_asymmetric_mae": 0.0, "selective_asymmetric_mse": 0.0, "train_t": 0.05869293212890625, "predict_t": 0.05684494972229004}, "NHITS": {"baseline_name": "NHITS", "cold_start_invocation_ratio": 0.0034610554575920105, "utilization_ratio": 0.8958755882778373, "over_provisioned_ratio": 0.11622641925350763, "cold_start_time_slot_ratio": 0.011111111111111112, "mae": 0.01558198199068296, "rmse": 0.0007546661950375116, "mape": 0.11462492617271383, "selective_asymmetric_mae": 0.07729288190603256, "selective_asymmetric_mse": 0.0037519200704991817, "train_t": 3.4974331855773926, "predict_t": 0.13031005859375}, "NBEATS": {"baseline_name": "NBEATS", "cold_start_invocation_ratio": 0.8695771048466364, "utilization_ratio": 0.4326620955431766, "over_provisioned_ratio": 1.3112724925546597, "cold_start_time_slot_ratio": 0.016666666666666666, "mae": 0.2839224340986429, "rmse": 0.8364528685740604, "mape": 1.32601108755206, "selective_asymmetric_mae": 1.581234097480774, "selective_asymmetric_mse": 6.203144550323486, "train_t": 3.252779006958008, "predict_t": 0.08617305755615234}, "PatchTST": {"baseline_name": "PatchTST", "cold_start_invocation_ratio": 0.0, "utilization_ratio": 0.7730658175503122, "over_provisioned_ratio": 0.2935509206302716, "cold_start_time_slot_ratio": 0.0, "mae": 0.03821707467427333, "rmse": 0.0025052760350768293, "mape": 0.28052437552189674, "selective_asymmetric_mae": 0.2058641016483307, "selective_asymmetric_mse": 0.015676267445087433, "train_t": 121.57013201713562, "predict_t": 0.16785621643066406}, "DLinear": {"baseline_name": "DLinear", "cold_start_invocation_ratio": 0.4983590953052044, "utilization_ratio": 0.6576630588585364, "over_provisioned_ratio": 0.5205354573748385, "cold_start_time_slot_ratio": 0.016666666666666666, "mae": 0.13264877221770846, "rmse": 0.2775341248139993, "mape": 0.5289822217020453, "selective_asymmetric_mae": 0.9704201817512512, "selective_asymmetric_mse": 2.1927075386047363, "train_t": 2.0668342113494873, "predict_t": 0.08180499076843262}}