{"dataset_name": "AzureFunction2019", "function_name": "1ad3a3335bb2c127474fbfd71ef278319ad4c58ed0bfe4d5e152f77d18ebbe33", "start_day": 0, "end_day": 4, "Keepalive": {"baseline_name": "Keepalive", "cold_start_invocation_ratio": 1.0, "utilization_ratio": 0.09090909090909091, "over_provisioned_ratio": 10.0, "cold_start_time_slot_ratio": 0.03333333333333333, "mae": 2.042648719947571, "rmse": 11.37931034482759, "mape": 10.034482758620689, "selective_asymmetric_mae": 7.613509178161621, "selective_asymmetric_mse": 42.41378402709961, "train_t": 9.059906005859375e-06, "predict_t": 0.008215904235839844}, "Crane": {"baseline_name": "Crane", "cold_start_invocation_ratio": 2.312964634635743e-17, "utilization_ratio": 0.8724100327153814, "over_provisioned_ratio": 0.14624999999999783, "cold_start_time_slot_ratio": 0.003472222222222222, "mae": 0.027157943208393896, "rmse": 0.0015129310344827605, "mape": 0.14625000000000024, "selective_asymmetric_mae": 0.10863176733255386, "selective_asymmetric_mse": 0.006051723845303059, "train_t": 5.245208740234375e-06, "predict_t": 0.00528407096862793}, "Icebreaker": {"baseline_name": "Icebreaker", "cold_start_invocation_ratio": 0.9676496058236194, "utilization_ratio": 0.5159961068476655, "over_provisioned_ratio": 0.9379991180732373, "cold_start_time_slot_ratio": 0.03333333333333333, "mae": 0.3538700842306942, "rmse": 1.0000194098868214, "mape": 0.9713663458602588, "selective_asymmetric_mae": 0.8764162659645081, "selective_asymmetric_mse": 1.094177007675171, "train_t": 3.0994415283203125e-06, "predict_t": 0.005949974060058594}, "SmartPred": {"baseline_name": "SmartPred", "cold_start_invocation_ratio": 0.0, "utilization_ratio": 1.0, "over_provisioned_ratio": 0.0, "cold_start_time_slot_ratio": 0.0, "mae": 0.0, "rmse": 0.0, "mape": 0.0, "selective_asymmetric_mae": 0.0, "selective_asymmetric_mse": 0.0, "train_t": 0.05824995040893555, "predict_t": 0.05986380577087402}}