{"dataset_name": "AzureFunction2019", "function_name": "9c9e6b50fe3a4cd0fad2bd44a0b01d6775f0f766b68f756663ed677c7fa6ec70", "start_day": 0, "end_day": 4, "Keepalive": {"baseline_name": "Keepalive", "cold_start_invocation_ratio": 0.027195311784635107, "utilization_ratio": 0.48787134241679697, "over_provisioned_ratio": 1.049720721545646, "cold_start_time_slot_ratio": 0.06527777777777778, "mae": 1.3178371236789197, "rmse": 2.539782392081463, "mape": 4.430897311483609, "selective_asymmetric_mae": 7.298695087432861, "selective_asymmetric_mse": 15.753883361816406, "train_t": 1.0013580322265625e-05, "predict_t": 0.011095046997070312}, "Crane": {"baseline_name": "Crane", "cold_start_invocation_ratio": 0.16262524718478297, "utilization_ratio": 0.8094005350177044, "over_provisioned_ratio": 0.23548225722154686, "cold_start_time_slot_ratio": 0.42916666666666664, "mae": 0.4871696885219719, "rmse": 0.4038861340342942, "mape": 1.2033875239519902, "selective_asymmetric_mae": 2.0108580589294434, "selective_asymmetric_mse": 1.825021505355835, "train_t": 4.0531158447265625e-06, "predict_t": 0.006736040115356445}, "Icebreaker": {"baseline_name": "Icebreaker", "cold_start_invocation_ratio": 0.3459558383303294, "utilization_ratio": 0.7983402178047829, "over_provisioned_ratio": 0.2525988014855697, "cold_start_time_slot_ratio": 0.4395833333333333, "mae": 0.7324596351865609, "rmse": 0.9242737908401332, "mape": 0.9810529159625307, "selective_asymmetric_mae": 2.31261944770813, "selective_asymmetric_mse": 3.020655393600464, "train_t": 0.0010781288146972656, "predict_t": 0.010059595108032227}, "SmartPred": {"baseline_name": "SmartPred", "cold_start_invocation_ratio": 0.07165233481489952, "utilization_ratio": 0.6412019609609223, "over_provisioned_ratio": 0.559571025798755, "cold_start_time_slot_ratio": 0.21180555555555555, "mae": 0.7724368030603175, "rmse": 1.05761191431251, "mape": 2.320292017178971, "selective_asymmetric_mae": 4.13499641418457, "selective_asymmetric_mse": 6.262913703918457, "train_t": 0.8536779880523682, "predict_t": 0.8056919574737549}}