{"dataset_name": "CraneDataset", "function_name": "9", "start_day": 0, "end_day": 4, "Keepalive": {"baseline_name": "Keepalive", "cold_start_invocation_ratio": 0.002259444407790575, "utilization_ratio": 0.9675745344915238, "over_provisioned_ratio": 0.03351211131813322, "cold_start_time_slot_ratio": 0.16180555555555556, "mae": 0.06876745727704503, "rmse": 0.010306021652643802, "mape": 0.377438614475042, "selective_asymmetric_mae": 0.4786783456802368, "selective_asymmetric_mse": 0.10431807488203049, "train_t": 2.1457672119140625e-06, "predict_t": 0.0077092647552490234}, "Crane": {"baseline_name": "Crane", "cold_start_invocation_ratio": 0.02474145266022555, "utilization_ratio": 0.9966994776820169, "over_provisioned_ratio": 0.0033114518386823132, "cold_start_time_slot_ratio": 0.7680555555555556, "mae": 0.05392907500043744, "rmse": 0.006139687215204496, "mape": 0.1958305671699918, "selective_asymmetric_mae": 0.13884730637073517, "selective_asymmetric_mse": 0.02151581645011902, "train_t": 3.814697265625e-06, "predict_t": 0.004942178726196289}, "Icebreaker": {"baseline_name": "Icebreaker", "cold_start_invocation_ratio": 0.20625513562891387, "utilization_ratio": 0.9988714950212062, "over_provisioned_ratio": 0.0011297799410823607, "cold_start_time_slot_ratio": 0.9729166666666667, "mae": 0.39867802872850905, "rmse": 0.2154785566184392, "mape": 1.1587776126308647, "selective_asymmetric_mae": 0.6184471249580383, "selective_asymmetric_mse": 0.3557242155075073, "train_t": 1.621246337890625e-05, "predict_t": 0.0077931880950927734}, "SmartPred": {"baseline_name": "SmartPred", "cold_start_invocation_ratio": 0.0067101408183599465, "utilization_ratio": 0.9894450816867809, "over_provisioned_ratio": 0.010667513041983264, "cold_start_time_slot_ratio": 0.39861111111111114, "mae": 0.03340690795145917, "rmse": 0.002833368528362341, "mape": 0.17086529343466966, "selective_asymmetric_mae": 0.2305103987455368, "selective_asymmetric_mse": 0.03282664716243744, "train_t": 1.2618250846862793, "predict_t": 1.252228021621704}, "NHITS": {"baseline_name": "NHITS", "cold_start_invocation_ratio": 0.038517948313210724, "utilization_ratio": 0.9861205574352377, "over_provisioned_ratio": 0.014074792843645824, "cold_start_time_slot_ratio": 0.6479166666666667, "mae": 0.10110460692001173, "rmse": 0.01753760473802061, "mape": 0.38563853234016904, "selective_asymmetric_mae": 0.28067436814308167, "selective_asymmetric_mse": 0.05509437993168831, "train_t": 3.829069137573242, "predict_t": 0.13027000427246094}, "NBEATS": {"baseline_name": "NBEATS", "cold_start_invocation_ratio": 0.11061481570715669, "utilization_ratio": 0.9351648489597807, "over_provisioned_ratio": 0.06933018399091616, "cold_start_time_slot_ratio": 0.49930555555555556, "mae": 0.34592736680969577, "rmse": 0.1911114394262208, "mape": 0.925341890288117, "selective_asymmetric_mae": 0.9460678100585938, "selective_asymmetric_mse": 0.44366705417633057, "train_t": 3.3697669506073, "predict_t": 0.08689212799072266}, "PatchTST": {"baseline_name": "PatchTST", "cold_start_invocation_ratio": 0.01306667765665783, "utilization_ratio": 0.9596051604422717, "over_provisioned_ratio": 0.04209527128752654, "cold_start_time_slot_ratio": 0.3277777777777778, "mae": 0.10604366766717636, "rmse": 0.018901068898570884, "mape": 0.43749310314384654, "selective_asymmetric_mae": 0.4559271037578583, "selective_asymmetric_mse": 0.08929400891065598, "train_t": 121.84303784370422, "predict_t": 0.16434597969055176}, "DLinear": {"baseline_name": "DLinear", "cold_start_invocation_ratio": 0.07061734399904875, "utilization_ratio": 0.9515671411581638, "over_provisioned_ratio": 0.05089799421077918, "cold_start_time_slot_ratio": 0.5201388888888889, "mae": 0.23360182858343434, "rmse": 0.0927417070540547, "mape": 0.7947933509788192, "selective_asymmetric_mae": 0.6763461828231812, "selective_asymmetric_mse": 0.2448112666606903, "train_t": 2.2356951236724854, "predict_t": 0.07785582542419434}}