{"dataset_name": "HuaweiPrivateDataset", "function_name": "4", "start_day": 0, "end_day": 4, "Keepalive": {"baseline_name": "Keepalive", "cold_start_invocation_ratio": 0.045859804411449795, "utilization_ratio": 0.5715567976662842, "over_provisioned_ratio": 0.7496073952459135, "cold_start_time_slot_ratio": 0.1375, "mae": 1.0508939490790465, "rmse": 1.7527461631520858, "mape": 3.8813106767644316, "selective_asymmetric_mae": 5.460136890411377, "selective_asymmetric_mse": 10.071208953857422, "train_t": 5.9604644775390625e-06, "predict_t": 0.006944894790649414}, "Crane": {"baseline_name": "Crane", "cold_start_invocation_ratio": 0.26877309674665123, "utilization_ratio": 0.7712313136817199, "over_provisioned_ratio": 0.2966278498550313, "cold_start_time_slot_ratio": 0.4444444444444444, "mae": 0.7469527767370002, "rmse": 0.9105486962194068, "mape": 1.531190901185457, "selective_asymmetric_mae": 2.532716989517212, "selective_asymmetric_mse": 3.14009952545166, "train_t": 4.76837158203125e-06, "predict_t": 0.0043718814849853516}, "Icebreaker": {"baseline_name": "Icebreaker", "cold_start_invocation_ratio": 0.15202010049938539, "utilization_ratio": 0.6746447821606222, "over_provisioned_ratio": 0.4822615196064994, "cold_start_time_slot_ratio": 0.26944444444444443, "mae": 0.8379512277419379, "rmse": 1.0297219666885724, "mape": 2.2869277052686137, "selective_asymmetric_mae": 3.457118034362793, "selective_asymmetric_mse": 4.4867682456970215, "train_t": 3.0994415283203125e-06, "predict_t": 0.005837678909301758}, "SmartPred": {"baseline_name": "SmartPred", "cold_start_invocation_ratio": 0.17231593253877756, "utilization_ratio": 0.7563088597717808, "over_provisioned_ratio": 0.3222111404350786, "cold_start_time_slot_ratio": 0.3368055555555556, "mae": 0.6533211034569991, "rmse": 0.7766369638430825, "mape": 2.1788027286489196, "selective_asymmetric_mae": 2.7094883918762207, "selective_asymmetric_mse": 3.562631607055664, "train_t": 0.6102709770202637, "predict_t": 0.7715668678283691}}