{"dataset_name": "HuaweiPublicDataset", "function_name": "4", "start_day": 0, "end_day": 4, "SmartPred": {"baseline_name": "SmartPred", "cold_start_invocation_ratio": 0.00918213783764794, "utilization_ratio": 0.8653879423840672, "over_provisioned_ratio": 0.1555511130015141, "cold_start_time_slot_ratio": 0.11527777777777778, "mae": 0.3371550947097394, "rmse": 0.21299990293241072, "mape": 1.4647939832459536, "selective_asymmetric_mae": 1.8846021890640259, "selective_asymmetric_mse": 1.2895853519439697, "train_t": 1.2857651710510254, "predict_t": 1.2554481029510498}, "NHITS": {"baseline_name": "NHITS", "cold_start_invocation_ratio": 0.08852060260786343, "utilization_ratio": 0.9517248412373964, "over_provisioned_ratio": 0.05072386121585102, "cold_start_time_slot_ratio": 0.5277777777777778, "mae": 0.28498788282960646, "rmse": 0.15896593993574804, "mape": 1.0057596439082652, "selective_asymmetric_mae": 0.8321569561958313, "selective_asymmetric_mse": 0.49131637811660767, "train_t": 3.4912779331207275, "predict_t": 0.12983393669128418}, "NBEATS": {"baseline_name": "NBEATS", "cold_start_invocation_ratio": 0.07628874614373572, "utilization_ratio": 0.8938390406299326, "over_provisioned_ratio": 0.11876966046957468, "cold_start_time_slot_ratio": 0.32013888888888886, "mae": 0.399220771888071, "rmse": 0.27447554596100554, "mape": 1.0995109507837808, "selective_asymmetric_mae": 1.4442169666290283, "selective_asymmetric_mse": 0.9365813136100769, "train_t": 3.126234769821167, "predict_t": 0.08949804306030273}, "PatchTST": {"baseline_name": "PatchTST", "cold_start_invocation_ratio": 0.09059192013421266, "utilization_ratio": 0.958369202505821, "over_provisioned_ratio": 0.043439206294743286, "cold_start_time_slot_ratio": 0.5208333333333334, "mae": 0.27431788600668355, "rmse": 0.17276276372383625, "mape": 1.1052425059671738, "selective_asymmetric_mae": 0.8250823020935059, "selective_asymmetric_mse": 0.5332685112953186, "train_t": 119.30160188674927, "predict_t": 0.16753697395324707}, "DLinear": {"baseline_name": "DLinear", "cold_start_invocation_ratio": 0.12631437446708269, "utilization_ratio": 0.9282395232046624, "over_provisioned_ratio": 0.0773081462288862, "cold_start_time_slot_ratio": 0.4951388888888889, "mae": 0.416748712846772, "rmse": 0.3248362375083234, "mape": 1.3480446426535024, "selective_asymmetric_mae": 1.2099640369415283, "selective_asymmetric_mse": 0.9140370488166809, "train_t": 2.037445068359375, "predict_t": 0.07835912704467773}, "Movingavg": {"baseline_name": "Movingavg", "cold_start_invocation_ratio": 0.05474775968219786, "utilization_ratio": 0.9477643450931392, "over_provisioned_ratio": 0.055114602250338984, "cold_start_time_slot_ratio": 0.43472222222222223, "mae": 0.22485232855973247, "rmse": 0.12331081522651523, "mape": 0.8931192665529856, "selective_asymmetric_mae": 0.8534764051437378, "selective_asymmetric_mse": 0.4822346568107605, "train_t": 2.86102294921875e-06, "predict_t": 0.011465787887573242}, "Movingmax": {"baseline_name": "Movingmax", "cold_start_invocation_ratio": 0.004536674388349008, "utilization_ratio": 0.8330368301397829, "over_provisioned_ratio": 0.20042711656842452, "cold_start_time_slot_ratio": 0.05416666666666667, "mae": 0.4194938544591018, "rmse": 0.35841599308965905, "mape": 2.106399929257175, "selective_asymmetric_mae": 2.390982151031494, "selective_asymmetric_mse": 2.2162866592407227, "train_t": 3.814697265625e-06, "predict_t": 0.009962081909179688}, "Movingmin": {"baseline_name": "Movingmin", "cold_start_invocation_ratio": 0.15696451652392246, "utilization_ratio": 0.9977073258440874, "over_provisioned_ratio": 0.0022979425894993424, "cold_start_time_slot_ratio": 0.9340277777777778, "mae": 0.32595817306196506, "rmse": 0.22284401025360243, "mape": 1.3513167345926353, "selective_asymmetric_mae": 0.6224256157875061, "selective_asymmetric_mse": 0.5844759345054626, "train_t": 1.9073486328125e-06, "predict_t": 0.010164022445678711}, "Maxvalue": {"baseline_name": "Maxvalue", "cold_start_invocation_ratio": 0.014352742646172527, "utilization_ratio": 0.8886117300612677, "over_provisioned_ratio": 0.12535088854954946, "cold_start_time_slot_ratio": 0.13333333333333333, "mae": 0.28592764828684236, "rmse": 0.1436338034414738, "mape": 1.6285929296953077, "selective_asymmetric_mae": 1.4837719202041626, "selective_asymmetric_mse": 0.8113622069358826, "train_t": 5.9604644775390625e-06, "predict_t": 0.005751848220825195}, "Minvalue": {"baseline_name": "Minvalue", "cold_start_invocation_ratio": 0.13217211261046513, "utilization_ratio": 0.9875206623842976, "over_provisioned_ratio": 0.01263703949806167, "cold_start_time_slot_ratio": 0.7534722222222222, "mae": 0.29637698002849494, "rmse": 0.2099001096779109, "mape": 0.8703704433874732, "selective_asymmetric_mae": 0.6449520587921143, "selective_asymmetric_mse": 0.5332781672477722, "train_t": 2.86102294921875e-06, "predict_t": 0.005697965621948242}, "Avgvalue": {"baseline_name": "Avgvalue", "cold_start_invocation_ratio": 0.044759598315875976, "utilization_ratio": 0.9560327071271179, "over_provisioned_ratio": 0.04598931871797986, "cold_start_time_slot_ratio": 0.425, "mae": 0.18573335717892733, "rmse": 0.07709806723294005, "mape": 0.8973460129085948, "selective_asymmetric_mae": 0.7265101075172424, "selective_asymmetric_mse": 0.3449563682079315, "train_t": 4.291534423828125e-06, "predict_t": 0.008622169494628906}, "Quantile": {"baseline_name": "Quantile", "cold_start_invocation_ratio": 0.14175415719721685, "utilization_ratio": 0.9244558100033734, "over_provisioned_ratio": 0.0817174700825895, "cold_start_time_slot_ratio": 0.47430555555555554, "mae": 0.4573733431268568, "rmse": 0.4158239023296038, "mape": 1.574492978760453, "selective_asymmetric_mae": 1.337781548500061, "selective_asymmetric_mse": 1.0824178457260132, "train_t": 1.0013580322265625e-05, "predict_t": 1.4626820087432861}}