{"dataset_name": "HuaweiPublicDataset", "function_name": "4", "start_day": 0, "end_day": 4, "Keepalive": {"baseline_name": "Keepalive", "cold_start_invocation_ratio": 0.006824278585830153, "utilization_ratio": 0.871783185570613, "over_provisioned_ratio": 0.14707419981433187, "cold_start_time_slot_ratio": 0.09097222222222222, "mae": 0.31497985862825034, "rmse": 0.19595940956918834, "mape": 1.5858688605977382, "selective_asymmetric_mae": 1.8429092168807983, "selective_asymmetric_mse": 1.4164007902145386, "train_t": 2.1457672119140625e-06, "predict_t": 0.008962154388427734}, "Crane": {"baseline_name": "Crane", "cold_start_invocation_ratio": 0.10460028787973391, "utilization_ratio": 0.9586780698700159, "over_provisioned_ratio": 0.04310303054662196, "cold_start_time_slot_ratio": 0.5263888888888889, "mae": 0.30230039205383125, "rmse": 0.19920141622462526, "mape": 0.9566361433022753, "selective_asymmetric_mae": 0.8569624423980713, "selective_asymmetric_mse": 0.5467851161956787, "train_t": 2.86102294921875e-06, "predict_t": 0.005980968475341797}, "Icebreaker": {"baseline_name": "Icebreaker", "cold_start_invocation_ratio": 0.03987694167147016, "utilization_ratio": 0.7942179878364399, "over_provisioned_ratio": 0.25910016559073407, "cold_start_time_slot_ratio": 0.14305555555555555, "mae": 0.6119083694490456, "rmse": 0.4684132535018214, "mape": 2.430777745379059, "selective_asymmetric_mae": 2.7293081283569336, "selective_asymmetric_mse": 2.088151216506958, "train_t": 3.0994415283203125e-06, "predict_t": 0.0077168941497802734}, "SmartPred": {"baseline_name": "SmartPred", "cold_start_invocation_ratio": 0.023919116752230005, "utilization_ratio": 0.9414586358263707, "over_provisioned_ratio": 0.0621815573684175, "cold_start_time_slot_ratio": 0.33611111111111114, "mae": 0.17621992396703282, "rmse": 0.0662584092498962, "mape": 0.8748471981009203, "selective_asymmetric_mae": 0.9249458312988281, "selective_asymmetric_mse": 0.39668482542037964, "train_t": 1.2886319160461426, "predict_t": 1.2772338390350342}, "NHITS": {"baseline_name": "NHITS", "cold_start_invocation_ratio": 0.08852060260786343, "utilization_ratio": 0.9517248412373964, "over_provisioned_ratio": 0.05072386121585102, "cold_start_time_slot_ratio": 0.5277777777777778, "mae": 0.28498788282960646, "rmse": 0.15896593993574804, "mape": 1.0057596439082652, "selective_asymmetric_mae": 0.8321569561958313, "selective_asymmetric_mse": 0.49131637811660767, "train_t": 3.463175058364868, "predict_t": 0.1278679370880127}, "NBEATS": {"baseline_name": "NBEATS", "cold_start_invocation_ratio": 0.07628874614373572, "utilization_ratio": 0.8938390406299326, "over_provisioned_ratio": 0.11876966046957468, "cold_start_time_slot_ratio": 0.32013888888888886, "mae": 0.399220771888071, "rmse": 0.27447554596100554, "mape": 1.0995109507837808, "selective_asymmetric_mae": 1.4442169666290283, "selective_asymmetric_mse": 0.9365813136100769, "train_t": 3.0506510734558105, "predict_t": 0.08924388885498047}, "PatchTST": {"baseline_name": "PatchTST", "cold_start_invocation_ratio": 0.09059192013421266, "utilization_ratio": 0.958369202505821, "over_provisioned_ratio": 0.043439206294743286, "cold_start_time_slot_ratio": 0.5208333333333334, "mae": 0.27431788600668355, "rmse": 0.17276276372383625, "mape": 1.1052425059671738, "selective_asymmetric_mae": 0.8250823020935059, "selective_asymmetric_mse": 0.5332685112953186, "train_t": 118.62570786476135, "predict_t": 0.161362886428833}, "DLinear": {"baseline_name": "DLinear", "cold_start_invocation_ratio": 0.12631437446708269, "utilization_ratio": 0.9282395232046624, "over_provisioned_ratio": 0.0773081462288862, "cold_start_time_slot_ratio": 0.4951388888888889, "mae": 0.416748712846772, "rmse": 0.3248362375083234, "mape": 1.3480446426535024, "selective_asymmetric_mae": 1.2099640369415283, "selective_asymmetric_mse": 0.9140370488166809, "train_t": 2.0999276638031006, "predict_t": 0.07668113708496094}}