{"dataset_name": "CraneDataset", "function_name": "14", "start_day": 0, "end_day": 4, "Keepalive": {"baseline_name": "Keepalive", "cold_start_invocation_ratio": 0.028733773413346646, "utilization_ratio": 0.9963459828044502, "over_provisioned_ratio": 0.0036674180040024537, "cold_start_time_slot_ratio": 0.7875, "mae": 0.07752876801772657, "rmse": 0.009571044126797726, "mape": 0.6666658504146412, "selective_asymmetric_mae": 0.16762758791446686, "selective_asymmetric_mse": 0.02654488943517208, "train_t": 2.1457672119140625e-06, "predict_t": 0.007816314697265625}, "Crane": {"baseline_name": "Crane", "cold_start_invocation_ratio": 0.015051857882546569, "utilization_ratio": 0.9890232522018289, "over_provisioned_ratio": 0.011098574046398635, "cold_start_time_slot_ratio": 0.5513888888888889, "mae": 0.06257210558920916, "rmse": 0.00709179991970205, "mape": 0.48792449644314717, "selective_asymmetric_mae": 0.21647949516773224, "selective_asymmetric_mse": 0.02890181355178356, "train_t": 4.0531158447265625e-06, "predict_t": 0.005217075347900391}, "Icebreaker": {"baseline_name": "Icebreaker", "cold_start_invocation_ratio": 0.2099162850984947, "utilization_ratio": 0.9995925427935224, "over_provisioned_ratio": 0.0004076232955268697, "cold_start_time_slot_ratio": 0.9694444444444444, "mae": 0.5032578368007362, "rmse": 0.3038458746875166, "mape": 4.440093360356957, "selective_asymmetric_mae": 0.6986443400382996, "selective_asymmetric_mse": 0.43719401955604553, "train_t": 3.0994415283203125e-06, "predict_t": 0.007109165191650391}, "SmartPred": {"baseline_name": "SmartPred", "cold_start_invocation_ratio": 0.0003338504387316982, "utilization_ratio": 0.9605233121851129, "over_provisioned_ratio": 0.041099145969795754, "cold_start_time_slot_ratio": 0.02847222222222222, "mae": 0.09913984721919927, "rmse": 0.018637603249231787, "mape": 0.6361222372939697, "selective_asymmetric_mae": 0.578768253326416, "selective_asymmetric_mse": 0.12260185927152634, "train_t": 1.2644798755645752, "predict_t": 1.232841968536377}}