{"dataset_name": "AzureFunction2019", "function_name": "24b667b07c179d44229776d6e4b9cb061632584a8f27b93e9ed051959e1e1a37", "start_day": 0, "end_day": 4, "Keepalive": {"baseline_name": "Keepalive", "cold_start_invocation_ratio": 0.3322641005078856, "utilization_ratio": 0.21503707535782032, "over_provisioned_ratio": 3.6503608660785885, "cold_start_time_slot_ratio": 0.11805555555555555, "mae": 1.11626025415255, "rmse": 3.1350704849660356, "mape": 3.7117235583335955, "selective_asymmetric_mae": 7.023077487945557, "selective_asymmetric_mse": 22.493797302246094, "train_t": 9.059906005859375e-06, "predict_t": 0.009373903274536133}, "Crane": {"baseline_name": "Crane", "cold_start_invocation_ratio": 0.4006949636428617, "utilization_ratio": 0.604810818669544, "over_provisioned_ratio": 0.6534095772291317, "cold_start_time_slot_ratio": 0.10902777777777778, "mae": 0.2954471014893577, "rmse": 0.39673515155554784, "mape": 0.9594854708757504, "selective_asymmetric_mae": 1.702471375465393, "selective_asymmetric_mse": 2.5540881156921387, "train_t": 5.0067901611328125e-06, "predict_t": 0.005572080612182617}, "Icebreaker": {"baseline_name": "Icebreaker", "cold_start_invocation_ratio": 0.711148219879297, "utilization_ratio": 0.5710428123498954, "over_provisioned_ratio": 0.7511821852461565, "cold_start_time_slot_ratio": 0.17916666666666667, "mae": 0.40986568491268877, "rmse": 0.6115987742547577, "mape": 1.059866759180039, "selective_asymmetric_mae": 1.8113387823104858, "selective_asymmetric_mse": 3.1977970600128174, "train_t": 8.344650268554688e-06, "predict_t": 0.0068242549896240234}, "SmartPred": {"baseline_name": "SmartPred", "cold_start_invocation_ratio": 0.35657437901235356, "utilization_ratio": 0.49532340582656403, "over_provisioned_ratio": 1.0188829928827277, "cold_start_time_slot_ratio": 0.08958333333333333, "mae": 0.3855166902254358, "rmse": 0.9225287108478603, "mape": 1.2469423279579386, "selective_asymmetric_mae": 2.9769766330718994, "selective_asymmetric_mse": 8.737667083740234, "train_t": 0.15144968032836914, "predict_t": 0.15413498878479004}}